,label,accuracy,confidence,response_time,contribution
0,n01494475,1,0.960556149482727,0.5651679310631943,0.960556149482727
1,n01443537,1,0.7539331912994385,0.5627094716438494,0.7539331912994385
