,label,accuracy,confidence,response_time,contribution
0,n01440764,1,0.765123188495636,0.14479648175896415,0.765123188495636
1,n01484850,1,0.5085740089416504,0.123222002025234,0.5085740089416504
2,n01491361,1,0.8623055219650269,0.13096111971671162,0.8623055219650269
3,n01440764,0,0.0,0.1024314417753957,0.0
4,n01443537,1,0.9998199343681335,0.1204167015738352,0.9998199343681335
5,n01484850,1,0.8845236301422119,0.11405387187087045,0.8845236301422119
6,n01440764,1,0.9991835951805115,0.10500284859309146,0.9991835951805115
