,label,accuracy,confidence,response_time,contribution
0,n01440764,1,0.9289948344230652,0.26148918816512473,0.9289948344230652
1,n01491361,1,0.8750579357147217,0.22970711432348262,0.8750579357147217
2,n01494475,1,0.8308863043785095,0.2369558265539802,0.8308863043785095
3,n01443537,0,0.0,0.24854869518978046,0.0
4,n01484850,1,0.906684398651123,0.24224259460332764,0.906684398651123
