,label,accuracy,confidence,response_time,contribution
0,n01494475,1,0.909164309501648,3.791666935259249,0.909164309501648
1,n01494475,1,0.8876546621322632,3.815361769782357,0.8876546621322632
2,n01443537,1,0.8680745363235474,3.818882334093539,0.8680745363235474
3,n01494475,1,0.9498084783554077,3.8567858298279125,0.9498084783554077
4,n01440764,1,0.9238377213478088,3.837178830721517,0.9238377213478088
5,n01494475,1,0.9057053923606873,3.8668306585862076,0.9057053923606873
