,label,accuracy,confidence,response_time,contribution
0,n01494475,1,0.7014914751052856,0.11017324333735785,0.7014914751052856
1,n01443537,1,0.9991146922111511,0.11829217188286206,0.9991146922111511
2,n01491361,1,0.9484493732452393,0.11549405944922041,0.9484493732452393
3,n01440764,1,0.9999668598175049,0.12310267572512403,0.9999668598175049
