label,accuracy,confidence,response_time,contribution
n01484850,0,0.0,0.5467130463542594,0.8883973956108093
n01491361,0,0.0,0.6081738470114866,0.950271725654602
n01494475,1,0.9798515439033508,0.5759714274140271,0.9798515439033508
n01494475,1,0.955796480178833,0.5190039625917906,0.955796480178833
n01484850,1,0.8465946912765503,0.5583688999455179,0.8465946912765503
n01440764,1,0.667908251285553,0.5997130781241846,0.667908251285553
n01491361,0,0.0,0.5975827533821478,0.0
n01484850,1,0.8293910622596741,0.5736406878058143,0.8293910622596741
