label,accuracy,confidence,response_time,contribution
n01494475,1,0.8606289625167847,0.4003196454739416,0.8606289625167847
n01494475,1,0.9973872303962708,0.38947179683797023,0.9973872303962708
n01494475,1,0.9820452332496643,0.3733370254563127,0.9820452332496643
n01494475,1,0.9799917936325073,0.402482682111668,0.9799917936325073
n01440764,1,0.9997522234916687,0.3760419813635293,0.9997522234916687
n01491361,1,0.9869754314422607,0.4018639772816836,0.9869754314422607
n01443537,1,0.9908954501152039,0.3556921306895781,0.9908954501152039
n01443537,1,0.33322930335998535,0.37220153975041714,0.33322930335998535
