label,accuracy,confidence,response_time,contribution
n01440764,0,0.0,0.17281738127975457,0.0
n01440764,1,0.967069685459137,0.18567622880689072,0.967069685459137
n01491361,1,0.7775135636329651,0.19357648860740712,0.7775135636329651
n01491361,1,0.6915871500968933,0.20470110290302954,0.6915871500968933
n01443537,1,0.9892933368682861,0.1564056401811374,0.9892933368682861
n01494475,1,0.7869946360588074,0.17725387133407225,0.7869946360588074
n01484850,1,0.5649248361587524,0.20120225182149537,0.5649248361587524
