label,accuracy,confidence,response_time,contribution
n01484850,1,0.9756115674972534,0.015679265166175342,0.9756115674972534
n01484850,0,0.0,0.06273312378610445,0.0
n01443537,0,0.0,0.035553124356783795,0.0
n01440764,1,0.6416853070259094,0.022767630471741088,0.6416853070259094
n01491361,1,0.8684905767440796,0.03967174224455442,0.8684905767440796
n01494475,1,0.9324418902397156,0.029488639839761896,0.9324418902397156
