label,accuracy,confidence,response_time,contribution
n01443537,1,0.412688672542572,0.10733612568916569,0.412688672542572
