label,accuracy,confidence,response_time,contribution
n01484850,1,0.9379811882972717,0.12229664638153938,0.9379811882972717
n01484850,1,0.41698136925697327,0.11354382079712921,0.41698136925697327
n01494475,1,0.3147052824497223,0.10457033271260097,0.3147052824497223
