label,accuracy,confidence,response_time,contribution
n01484850,1,0.999198853969574,0.11356420246323361,0.999198853969574
n01484850,0,0.0,0.11005711460435023,0.5555295944213867
n01443537,0,0.0,0.11356434339199893,0.0
