label,accuracy,confidence,response_time,contribution
n01491361,0,0.0,1.3795128034353346,0.0
n01491361,1,0.8589300513267517,1.3628093818100866,0.8589300513267517
n01443537,1,0.9999890327453613,1.339492574248598,0.9999890327453613
n01494475,1,0.3970397114753723,1.3736859010463132,0.3970397114753723
n01484850,1,0.9502538442611694,1.4118168645224525,0.9502538442611694
