label,accuracy,confidence,response_time,contribution
n01491361,0,0.0,0.9942141324100353,0.9703261256217957
n01494475,1,0.7955986857414246,0.9779822100055579,0.7955986857414246
