total_energy_consumption,ensemble_size,input_file_length,image_height,image_width,ensemble_accuracy,ensemble_confidence,ensemble_avg_response_time,ensemble_max_response_time,ensemble_contribution,reward,action,distribution_weights,models
0.12400516713769379,4,14,224,224,0.92,0.8121847843130429,3.8259978901680944,3.890752358966624,0.934049310684204,0.44715803134221954,3,"[1.0, 1.0, 1.0, 1.0, 0.0, 1.0, 0.0, 0.0, 0.0, 0.0, 0.0, 0.0, 0.0, 0.0, 0.0, 0.0, 0.0, 0.0, 0.0, 0.0]","['DenseNet121', 'EfficientNetV2S', 'NASNetLarge', 'ResNet50']"
0.11693182852066734,3,14,224,224,0.92,0.81513809521993,3.821292232577739,3.873744378591551,0.9114568614959717,0.44715803134221954,5,"[1.0, 1.0, 1.0, 1.0, 0.0, 1.0, 0.0, 0.0, 0.0, 0.0, 0.0, 0.0, 0.0, 0.0, 0.0, 0.0, 0.0, 0.0, 0.0, 0.0]","['EfficientNetV2S', 'NASNetLarge', 'ResNet50']"
0.11693182852066734,3,15,224,224,0.96,0.883066689570745,3.8195172553608683,3.8581209436611896,0.9504756879806519,0.8061799739838869,10,"[1.0, 1.0, 1.0, 1.0, 0.0, 1.0, 0.0, 0.0, 0.0, 0.0, 0.0, 0.0, 0.0, 0.0, 0.0, 0.0, 0.0, 0.0, 0.0, 0.0]","['EfficientNetV2S', 'NASNetLarge', 'ResNet50']"
0.11693182852066734,3,13,224,224,0.96,0.8576684379577638,3.83048475655821,3.8894070704269863,0.9557162833213806,0.8061799739838869,3,"[1.0, 1.0, 1.0, 1.0, 0.0, 1.0, 0.0, 0.0, 0.0, 0.0, 0.0, 0.0, 0.0, 0.0, 0.0, 0.0, 0.0, 0.0, 0.0, 0.0]","['EfficientNetV2S', 'NASNetLarge', 'ResNet50']"
0.09755254169905775,2,15,224,224,0.92,0.8152395045757294,3.8402942213580604,3.954164473414868,0.9060561752319336,0.44715803134221954,6,"[1.0, 1.0, 1.0, 1.0, 0.0, 1.0, 0.0, 0.0, 0.0, 0.0, 0.0, 0.0, 0.0, 0.0, 0.0, 0.0, 0.0, 0.0, 0.0, 0.0]","['NASNetLarge', 'ResNet50']"
0.09755254169905775,2,14,224,224,0.96,0.8404150229692459,3.82539262250134,3.8986588562767164,0.9197060585021972,0.8061799739838869,5,"[1.0, 1.0, 1.0, 1.0, 0.0, 1.0, 0.0, 0.0, 0.0, 0.0, 0.0, 0.0, 0.0, 0.0, 0.0, 0.0, 0.0, 0.0, 0.0, 0.0]","['NASNetLarge', 'ResNet50']"
0.09755254169905775,2,15,224,224,0.88,0.7763636535406113,3.8295421825111924,3.914027540538213,0.9402151083946229,-0.44715803134221954,4,"[1.0, 1.0, 1.0, 1.0, 0.0, 1.0, 0.0, 0.0, 0.0, 0.0, 0.0, 0.0, 0.0, 0.0, 0.0, 0.0, 0.0, 0.0, 0.0, 0.0]","['NASNetLarge', 'ResNet50']"
0.015363629216092228,1,14,224,224,0.88,0.808312177658081,0.4169690940350286,0.43804011105691404,0.8596068906784058,-0.44715803134221954,8,"[1.0, 1.0, 1.0, 1.0, 0.0, 1.0, 0.0, 0.0, 0.0, 0.0, 0.0, 0.0, 0.0, 0.0, 0.0, 0.0, 0.0, 0.0, 0.0, 0.0]",['ResNet50']
0.015363629216092228,1,14,224,224,0.76,0.6756200075149537,0.42898712978318193,0.5211236894416791,0.812173159122467,-1.1335389083702174,7,"[1.0, 1.0, 1.0, 1.0, 0.0, 1.0, 0.0, 0.0, 0.0, 0.0, 0.0, 0.0, 0.0, 0.0, 0.0, 0.0, 0.0, 0.0, 0.0, 0.0]",['ResNet50']
0.015363629216092228,1,14,224,224,0.76,0.6970247292518615,0.4214459311734171,0.4707752071045635,0.7587473154067993,-1.1335389083702174,7,"[1.0, 1.0, 1.0, 1.0, 0.0, 1.0, 0.0, 0.0, 0.0, 0.0, 0.0, 0.0, 0.0, 0.0, 0.0, 0.0, 0.0, 0.0, 0.0, 0.0]",['ResNet50']
0.015363629216092228,1,14,224,224,0.68,0.6081790375709534,0.42454219565992624,0.4526732771574996,0.8093299889564514,-1.3180633349627615,7,"[1.0, 1.0, 1.0, 1.0, 0.0, 1.0, 0.0, 0.0, 0.0, 0.0, 0.0, 0.0, 0.0, 0.0, 0.0, 0.0, 0.0, 0.0, 0.0, 0.0]",['ResNet50']
0.015363629216092228,1,15,224,224,0.68,0.6485146594047546,0.42153367914953427,0.4686565869996001,0.8347028589248657,-1.3180633349627615,6,"[1.0, 1.0, 1.0, 1.0, 0.0, 1.0, 0.0, 0.0, 0.0, 0.0, 0.0, 0.0, 0.0, 0.0, 0.0, 0.0, 0.0, 0.0, 0.0, 0.0]",['ResNet50']
0.015363629216092228,1,14,224,224,0.72,0.6169894909858704,0.4221381317984335,0.5270372122372842,0.760277384519577,-1.235528446907549,4,"[1.0, 1.0, 1.0, 1.0, 0.0, 1.0, 0.0, 0.0, 0.0, 0.0, 0.0, 0.0, 0.0, 0.0, 0.0, 0.0, 0.0, 0.0, 0.0, 0.0]",['ResNet50']
0.015363629216092228,1,14,224,224,0.72,0.6211629629135131,0.424542011472158,0.4585274402250556,0.7388629531860351,-1.235528446907549,10,"[1.0, 1.0, 1.0, 1.0, 0.0, 1.0, 0.0, 0.0, 0.0, 0.0, 0.0, 0.0, 0.0, 0.0, 0.0, 0.0, 0.0, 0.0, 0.0, 0.0]",['ResNet50']
0.015363629216092228,1,15,224,224,0.76,0.6647477519512176,0.4199130050626538,0.4880578715933914,0.8327135968208313,-1.1335389083702174,9,"[1.0, 1.0, 1.0, 1.0, 0.0, 1.0, 0.0, 0.0, 0.0, 0.0, 0.0, 0.0, 0.0, 0.0, 0.0, 0.0, 0.0, 0.0, 0.0, 0.0]",['ResNet50']
0.09755254169905775,2,14,224,224,0.76,0.6665986776351929,3.831904123267425,3.8648307504893316,0.9127860450744629,-1.1335389083702174,3,"[1.0, 1.0, 1.0, 1.0, 0.0, 1.0, 0.0, 0.0, 0.0, 0.0, 0.0, 0.0, 0.0, 0.0, 0.0, 0.0, 0.0, 0.0, 0.0, 0.0]","['NASNetLarge', 'ResNet50']"
0.09755254169905775,2,13,224,224,0.96,0.8548011982440948,3.8245750334654547,3.870700052359167,0.9495257449150085,0.8061799739838869,5,"[1.0, 1.0, 1.0, 1.0, 0.0, 1.0, 0.0, 0.0, 0.0, 0.0, 0.0, 0.0, 0.0, 0.0, 0.0, 0.0, 0.0, 0.0, 0.0, 0.0]","['NASNetLarge', 'ResNet50']"
0.11693182852066734,3,33,224,224,0.92,0.8224591716130574,3.8255590874499164,3.8820264187066433,0.9411738896369934,0.44715803134221954,1,"[1.0, 1.0, 1.0, 1.0, 0.0, 1.0, 0.0, 0.0, 0.0, 0.0, 0.0, 0.0, 0.0, 0.0, 0.0, 0.0, 0.0, 0.0, 0.0, 0.0]","['EfficientNetV2S', 'NASNetLarge', 'ResNet50']"
0.11693182852066734,3,15,224,224,0.92,0.8179533016681669,3.824306194703011,3.865442208102815,0.9367194747924805,0.44715803134221954,5,"[1.0, 1.0, 1.0, 1.0, 0.0, 1.0, 0.0, 0.0, 0.0, 0.0, 0.0, 0.0, 0.0, 0.0, 0.0, 0.0, 0.0, 0.0, 0.0, 0.0]","['EfficientNetV2S', 'NASNetLarge', 'ResNet50']"
0.11693182852066734,3,14,224,224,0.76,0.7007817860444386,3.8262097525269683,3.8614097334038773,0.8673266804218293,-1.1335389083702174,5,"[1.0, 1.0, 1.0, 1.0, 0.0, 1.0, 0.0, 0.0, 0.0, 0.0, 0.0, 0.0, 0.0, 0.0, 0.0, 0.0, 0.0, 0.0, 0.0, 0.0]","['EfficientNetV2S', 'NASNetLarge', 'ResNet50']"
0.12400516713769379,4,13,224,224,0.96,0.843545961479346,3.823799726497556,3.8673908327923563,0.9435238528251648,0.8061799739838869,0,"[1.0, 1.0, 1.0, 1.0, 0.0, 1.0, 0.0, 0.0, 0.0, 0.0, 0.0, 0.0, 0.0, 0.0, 0.0, 0.0, 0.0, 0.0, 0.0, 0.0]","['DenseNet121', 'EfficientNetV2S', 'NASNetLarge', 'ResNet50']"
0.041816254654728255,3,15,224,224,0.92,0.7872800036271412,1.1635839754536337,1.2360600838551543,0.8433604526519776,0.44715803134221954,8,"[1.0, 1.0, 1.0, 1.0, 0.0, 1.0, 0.0, 0.0, 0.0, 0.0, 0.0, 0.0, 0.0, 0.0, 0.0, 0.0, 0.0, 0.0, 0.0, 0.0]","['DenseNet121', 'EfficientNetV2S', 'ResNet50']"
0.041816254654728255,3,15,224,224,0.84,0.7379429757595062,1.1623471644654912,1.1977127151400608,0.8957727575302123,-0.8061799739838875,7,"[1.0, 1.0, 1.0, 1.0, 0.0, 1.0, 0.0, 0.0, 0.0, 0.0, 0.0, 0.0, 0.0, 0.0, 0.0, 0.0, 0.0, 0.0, 0.0, 0.0]","['DenseNet121', 'EfficientNetV2S', 'ResNet50']"
0.041816254654728255,3,14,224,224,0.76,0.6416777761777243,1.1567108861266489,1.1980138273912677,0.884802701473236,-1.1335389083702174,8,"[1.0, 1.0, 1.0, 1.0, 0.0, 1.0, 0.0, 0.0, 0.0, 0.0, 0.0, 0.0, 0.0, 0.0, 0.0, 0.0, 0.0, 0.0, 0.0, 0.0]","['DenseNet121', 'EfficientNetV2S', 'ResNet50']"
0.034742916037701826,2,33,224,224,0.92,0.7809399676322937,1.1543502328606636,1.2125705173220327,0.8809822559356689,0.44715803134221954,5,"[1.0, 1.0, 1.0, 1.0, 0.0, 1.0, 0.0, 0.0, 0.0, 0.0, 0.0, 0.0, 0.0, 0.0, 0.0, 0.0, 0.0, 0.0, 0.0, 0.0]","['EfficientNetV2S', 'ResNet50']"
0.034742916037701826,2,14,224,224,0.92,0.8232228887081147,1.163036835175903,1.2096112925489961,0.9275969743728638,0.44715803134221954,1,"[1.0, 1.0, 1.0, 1.0, 0.0, 1.0, 0.0, 0.0, 0.0, 0.0, 0.0, 0.0, 0.0, 0.0, 0.0, 0.0, 0.0, 0.0, 0.0, 0.0]","['EfficientNetV2S', 'ResNet50']"
0.034742916037701826,2,15,224,224,0.96,0.8377429234981537,1.1652974492351142,1.2370222142101674,0.8914973735809326,0.8061799739838869,1,"[1.0, 1.0, 1.0, 1.0, 0.0, 1.0, 0.0, 0.0, 0.0, 0.0, 0.0, 0.0, 0.0, 0.0, 0.0, 0.0, 0.0, 0.0, 0.0, 0.0]","['EfficientNetV2S', 'ResNet50']"
0.034742916037701826,2,14,224,224,0.88,0.7476625573635102,1.157086554362037,1.2576121872058712,0.8924512910842896,-0.44715803134221954,7,"[1.0, 1.0, 1.0, 1.0, 0.0, 1.0, 0.0, 0.0, 0.0, 0.0, 0.0, 0.0, 0.0, 0.0, 0.0, 0.0, 0.0, 0.0, 0.0, 0.0]","['EfficientNetV2S', 'ResNet50']"
0.034742916037701826,2,15,224,224,0.92,0.7884656512737274,1.1520909687913683,1.1900089250674708,0.9048814272880554,0.44715803134221954,1,"[1.0, 1.0, 1.0, 1.0, 0.0, 1.0, 0.0, 0.0, 0.0, 0.0, 0.0, 0.0, 0.0, 0.0, 0.0, 0.0, 0.0, 0.0, 0.0, 0.0]","['EfficientNetV2S', 'ResNet50']"
0.036999315902225396,3,33,224,224,0.84,0.7072517299652101,1.1555373944459058,1.184337831720323,0.8295499491691589,-0.8061799739838875,2,"[1.0, 1.0, 1.0, 1.0, 0.0, 1.0, 0.0, 0.0, 0.0, 0.0, 0.0, 0.0, 0.0, 0.0, 0.0, 0.0, 0.0, 0.0, 0.0, 0.0]","['EfficientNetV2S', 'MobileNetV2', 'ResNet50']"
0.021635686686133172,2,15,224,224,1.0,0.7985032069683075,1.1505873674547202,1.1911828982933135,0.8629578649997711,1.0,9,"[1.0, 1.0, 1.0, 1.0, 0.0, 1.0, 0.0, 0.0, 0.0, 0.0, 0.0, 0.0, 0.0, 0.0, 0.0, 0.0, 0.0, 0.0, 0.0, 0.0]","['EfficientNetV2S', 'MobileNetV2']"
0.021635686686133172,2,14,224,224,0.92,0.7460580748319626,1.1584238056720648,1.2109743819747067,0.886316305398941,0.44715803134221954,5,"[1.0, 1.0, 1.0, 1.0, 0.0, 1.0, 0.0, 0.0, 0.0, 0.0, 0.0, 0.0, 0.0, 0.0, 0.0, 0.0, 0.0, 0.0, 0.0, 0.0]","['EfficientNetV2S', 'MobileNetV2']"
0.0022563998645235748,1,13,224,224,0.8,0.6465251553058624,0.10924843311581572,0.12250303457860258,0.7154935693740845,-1.0,6,"[1.0, 1.0, 1.0, 1.0, 0.0, 1.0, 0.0, 0.0, 0.0, 0.0, 0.0, 0.0, 0.0, 0.0, 0.0, 0.0, 0.0, 0.0, 0.0, 0.0]",['MobileNetV2']
0.0022563998645235748,1,13,224,224,0.8,0.6950698208808899,0.10786617491465998,0.12029814011330876,0.7455207562446594,-1.0,2,"[1.0, 1.0, 1.0, 1.0, 0.0, 1.0, 0.0, 0.0, 0.0, 0.0, 0.0, 0.0, 0.0, 0.0, 0.0, 0.0, 0.0, 0.0, 0.0, 0.0]",['MobileNetV2']
0.0022563998645235748,1,14,224,224,0.72,0.6298073029518128,0.10706405931751543,0.12027130248238131,0.7306221210956574,-1.235528446907549,7,"[1.0, 1.0, 1.0, 1.0, 0.0, 1.0, 0.0, 0.0, 0.0, 0.0, 0.0, 0.0, 0.0, 0.0, 0.0, 0.0, 0.0, 0.0, 0.0, 0.0]",['MobileNetV2']
0.0022563998645235748,1,14,224,224,0.8,0.5743970274925232,0.10593856422878659,0.12058310390268653,0.672382071018219,-1.0,6,"[1.0, 1.0, 1.0, 1.0, 0.0, 1.0, 0.0, 0.0, 0.0, 0.0, 0.0, 0.0, 0.0, 0.0, 0.0, 0.0, 0.0, 0.0, 0.0, 0.0]",['MobileNetV2']
0.0022563998645235748,1,15,224,224,0.84,0.6965824007987976,0.10910590007410649,0.12623629788925955,0.7561707949638367,-0.8061799739838875,10,"[1.0, 1.0, 1.0, 1.0, 0.0, 1.0, 0.0, 0.0, 0.0, 0.0, 0.0, 0.0, 0.0, 0.0, 0.0, 0.0, 0.0, 0.0, 0.0, 0.0]",['MobileNetV2']
0.08444531234748909,2,15,224,224,1.0,0.7695023757219315,3.828801371827217,3.8774685747450537,0.8440626549720764,1.0,3,"[1.0, 1.0, 1.0, 1.0, 0.0, 1.0, 0.0, 0.0, 0.0, 0.0, 0.0, 0.0, 0.0, 0.0, 0.0, 0.0, 0.0, 0.0, 0.0, 0.0]","['MobileNetV2', 'NASNetLarge']"
0.08218891248296552,1,15,224,224,1.0,0.8882729816436767,3.8228852509815083,3.869634582737473,0.8882729816436767,1.0,7,"[1.0, 1.0, 1.0, 1.0, 0.0, 1.0, 0.0, 0.0, 0.0, 0.0, 0.0, 0.0, 0.0, 0.0, 0.0, 0.0, 0.0, 0.0, 0.0, 0.0]",['NASNetLarge']
0.08218891248296552,1,14,224,224,0.96,0.8522603142261506,3.828212126624464,3.876831428101859,0.8806632387638093,0.8061799739838869,10,"[1.0, 1.0, 1.0, 1.0, 0.0, 1.0, 0.0, 0.0, 0.0, 0.0, 0.0, 0.0, 0.0, 0.0, 0.0, 0.0, 0.0, 0.0, 0.0, 0.0]",['NASNetLarge']
0.08444531234748909,2,14,224,224,0.92,0.7781076872348786,3.829594999037978,3.8569291628054008,0.8510417580604553,0.44715803134221954,2,"[1.0, 1.0, 1.0, 1.0, 0.0, 1.0, 0.0, 0.0, 0.0, 0.0, 0.0, 0.0, 0.0, 0.0, 0.0, 0.0, 0.0, 0.0, 0.0, 0.0]","['MobileNetV2', 'NASNetLarge']"
0.09980894156358132,3,15,224,224,0.96,0.8132909705241522,3.8265139389888234,3.8598236472871523,0.8870813632011414,0.8061799739838869,4,"[1.0, 1.0, 1.0, 1.0, 0.0, 1.0, 0.0, 0.0, 0.0, 0.0, 0.0, 0.0, 0.0, 0.0, 0.0, 0.0, 0.0, 0.0, 0.0, 0.0]","['MobileNetV2', 'NASNetLarge', 'ResNet50']"
0.09980894156358132,3,15,224,224,0.88,0.7855064849058786,3.8257609127915986,3.8682759862806257,0.9333293116092682,-0.44715803134221954,5,"[1.0, 1.0, 1.0, 1.0, 0.0, 1.0, 0.0, 0.0, 0.0, 0.0, 0.0, 0.0, 0.0, 0.0, 0.0, 0.0, 0.0, 0.0, 0.0, 0.0]","['MobileNetV2', 'NASNetLarge', 'ResNet50']"
0.09980894156358132,3,15,224,224,0.84,0.6724594157934188,3.8297804353484097,3.8519348206850306,0.8674366748332978,-0.8061799739838875,3,"[1.0, 1.0, 1.0, 1.0, 0.0, 1.0, 0.0, 0.0, 0.0, 0.0, 0.0, 0.0, 0.0, 0.0, 0.0, 0.0, 0.0, 0.0, 0.0, 0.0]","['MobileNetV2', 'NASNetLarge', 'ResNet50']"
0.09980894156358132,3,15,224,224,0.88,0.7316192440191905,3.826609320102873,3.9335132256401795,0.8445841145515441,-0.44715803134221954,3,"[1.0, 1.0, 1.0, 1.0, 0.0, 1.0, 0.0, 0.0, 0.0, 0.0, 0.0, 0.0, 0.0, 0.0, 0.0, 0.0, 0.0, 0.0, 0.0, 0.0]","['MobileNetV2', 'NASNetLarge', 'ResNet50']"
0.09980894156358132,3,14,224,224,0.88,0.7328663873672485,3.830644397158981,3.8663310463057217,0.8353344702720642,-0.44715803134221954,2,"[1.0, 1.0, 1.0, 1.0, 0.0, 1.0, 0.0, 0.0, 0.0, 0.0, 0.0, 0.0, 0.0, 0.0, 0.0, 0.0, 0.0, 0.0, 0.0, 0.0]","['MobileNetV2', 'NASNetLarge', 'ResNet50']"
0.09980894156358132,3,15,224,224,0.84,0.702906459371249,3.8264975449642185,3.8637987204152155,0.9023278033733368,-0.8061799739838875,4,"[1.0, 1.0, 1.0, 1.0, 0.0, 1.0, 0.0, 0.0, 0.0, 0.0, 0.0, 0.0, 0.0, 0.0, 0.0, 0.0, 0.0, 0.0, 0.0, 0.0]","['MobileNetV2', 'NASNetLarge', 'ResNet50']"
0.09980894156358132,3,14,224,224,0.88,0.7377955081065495,3.829489059775931,3.8652192981319464,0.9362885379791259,-0.44715803134221954,10,"[1.0, 1.0, 1.0, 1.0, 0.0, 1.0, 0.0, 0.0, 0.0, 0.0, 0.0, 0.0, 0.0, 0.0, 0.0, 0.0, 0.0, 0.0, 0.0, 0.0]","['MobileNetV2', 'NASNetLarge', 'ResNet50']"
0.08444531234748909,2,15,224,224,0.84,0.648314620256424,3.8215389176179793,3.863446623728861,0.7794508552551269,-0.8061799739838875,9,"[1.0, 1.0, 1.0, 1.0, 0.0, 1.0, 0.0, 0.0, 0.0, 0.0, 0.0, 0.0, 0.0, 0.0, 0.0, 0.0, 0.0, 0.0, 0.0, 0.0]","['MobileNetV2', 'NASNetLarge']"
0.08218891248296552,1,13,224,224,0.92,0.8162203574180603,3.8268366237178064,3.8737669121704847,0.8374629044532775,0.44715803134221954,7,"[1.0, 1.0, 1.0, 1.0, 0.0, 1.0, 0.0, 0.0, 0.0, 0.0, 0.0, 0.0, 0.0, 0.0, 0.0, 0.0, 0.0, 0.0, 0.0, 0.0]",['NASNetLarge']
0.08218891248296552,1,14,224,224,0.92,0.7763769769668579,3.824437819678568,3.891309582704549,0.8160668110847473,0.44715803134221954,7,"[1.0, 1.0, 1.0, 1.0, 0.0, 1.0, 0.0, 0.0, 0.0, 0.0, 0.0, 0.0, 0.0, 0.0, 0.0, 0.0, 0.0, 0.0, 0.0, 0.0]",['NASNetLarge']
0.08444531234748909,2,14,224,224,0.72,0.6042205911874771,3.833161011904189,3.8787768521170953,0.8126185441017151,-1.235528446907549,2,"[1.0, 1.0, 1.0, 1.0, 0.0, 1.0, 0.0, 0.0, 0.0, 0.0, 0.0, 0.0, 0.0, 0.0, 0.0, 0.0, 0.0, 0.0, 0.0, 0.0]","['MobileNetV2', 'NASNetLarge']"
0.1038245991690987,3,15,224,224,1.0,0.8434009456634521,3.8262396213125087,3.892343399728804,0.8914909052848816,1.0,1,"[1.0, 1.0, 1.0, 1.0, 0.0, 1.0, 0.0, 0.0, 0.0, 0.0, 0.0, 0.0, 0.0, 0.0, 0.0, 0.0, 0.0, 0.0, 0.0, 0.0]","['EfficientNetV2S', 'MobileNetV2', 'NASNetLarge']"
0.1038245991690987,3,15,224,224,0.88,0.745439820289612,3.8252952766221444,3.8638780958713386,0.9089143919944763,-0.44715803134221954,2,"[1.0, 1.0, 1.0, 1.0, 0.0, 1.0, 0.0, 0.0, 0.0, 0.0, 0.0, 0.0, 0.0, 0.0, 0.0, 0.0, 0.0, 0.0, 0.0, 0.0]","['EfficientNetV2S', 'MobileNetV2', 'NASNetLarge']"
0.1038245991690987,3,14,224,224,1.0,0.8422401928901673,3.830870555957146,3.925705060316166,0.9130192804336548,1.0,2,"[1.0, 1.0, 1.0, 1.0, 0.0, 1.0, 0.0, 0.0, 0.0, 0.0, 0.0, 0.0, 0.0, 0.0, 0.0, 0.0, 0.0, 0.0, 0.0, 0.0]","['EfficientNetV2S', 'MobileNetV2', 'NASNetLarge']"
0.11918822838519093,4,15,224,224,0.88,0.7525667130947113,3.8248108563604983,3.857771561300381,0.8950224399566651,-0.44715803134221954,4,"[1.0, 1.0, 1.0, 1.0, 0.0, 1.0, 0.0, 0.0, 0.0, 0.0, 0.0, 0.0, 0.0, 0.0, 0.0, 0.0, 0.0, 0.0, 0.0, 0.0]","['EfficientNetV2S', 'MobileNetV2', 'NASNetLarge', 'ResNet50']"
0.09980894156358132,3,33,224,224,0.92,0.8002644737561543,3.8222543326309717,3.8622234746911275,0.9397061038017273,0.44715803134221954,6,"[1.0, 1.0, 1.0, 1.0, 0.0, 1.0, 0.0, 0.0, 0.0, 0.0, 0.0, 0.0, 0.0, 0.0, 0.0, 0.0, 0.0, 0.0, 0.0, 0.0]","['MobileNetV2', 'NASNetLarge', 'ResNet50']"
0.09980894156358132,3,15,224,224,1.0,0.8681569711367288,3.8267835728579302,3.8676835687656546,0.9384870219230652,1.0,4,"[1.0, 1.0, 1.0, 1.0, 0.0, 1.0, 0.0, 0.0, 0.0, 0.0, 0.0, 0.0, 0.0, 0.0, 0.0, 0.0, 0.0, 0.0, 0.0, 0.0]","['MobileNetV2', 'NASNetLarge', 'ResNet50']"
0.09980894156358132,3,15,224,224,0.92,0.7724476365248363,3.832370555988607,4.005456994308214,0.8462163591384888,0.44715803134221954,10,"[1.0, 1.0, 1.0, 1.0, 0.0, 1.0, 0.0, 0.0, 0.0, 0.0, 0.0, 0.0, 0.0, 0.0, 0.0, 0.0, 0.0, 0.0, 0.0, 0.0]","['MobileNetV2', 'NASNetLarge', 'ResNet50']"
0.09980894156358132,3,15,224,224,0.84,0.7165513761838277,3.820404330722697,3.8538529516314255,0.8576250851154328,-0.8061799739838875,10,"[1.0, 1.0, 1.0, 1.0, 0.0, 1.0, 0.0, 0.0, 0.0, 0.0, 0.0, 0.0, 0.0, 0.0, 0.0, 0.0, 0.0, 0.0, 0.0, 0.0]","['MobileNetV2', 'NASNetLarge', 'ResNet50']"
0.09980894156358132,3,14,224,224,0.96,0.8090364400545756,3.826561713065445,3.872742652055945,0.9372756576538086,0.8061799739838869,10,"[1.0, 1.0, 1.0, 1.0, 0.0, 1.0, 0.0, 0.0, 0.0, 0.0, 0.0, 0.0, 0.0, 0.0, 0.0, 0.0, 0.0, 0.0, 0.0, 0.0]","['MobileNetV2', 'NASNetLarge', 'ResNet50']"
0.09980894156358132,3,14,224,224,0.84,0.7173559691508611,3.8278756817133863,3.860151986063337,0.8817851901054382,-0.8061799739838875,3,"[1.0, 1.0, 1.0, 1.0, 0.0, 1.0, 0.0, 0.0, 0.0, 0.0, 0.0, 0.0, 0.0, 0.0, 0.0, 0.0, 0.0, 0.0, 0.0, 0.0]","['MobileNetV2', 'NASNetLarge', 'ResNet50']"
0.11918822838519093,4,15,224,224,0.88,0.7257087447245917,3.8122905656774657,3.861052546541299,0.9113759565353393,-0.44715803134221954,1,"[1.0, 1.0, 1.0, 1.0, 0.0, 1.0, 0.0, 0.0, 0.0, 0.0, 0.0, 0.0, 0.0, 0.0, 0.0, 0.0, 0.0, 0.0, 0.0, 0.0]","['EfficientNetV2S', 'MobileNetV2', 'NASNetLarge', 'ResNet50']"
0.11918822838519093,4,15,224,224,0.92,0.8049558477600417,3.826404735469715,3.8866537090721938,0.9536898183822632,0.44715803134221954,2,"[1.0, 1.0, 1.0, 1.0, 0.0, 1.0, 0.0, 0.0, 0.0, 0.0, 0.0, 0.0, 0.0, 0.0, 0.0, 0.0, 0.0, 0.0, 0.0, 0.0]","['EfficientNetV2S', 'MobileNetV2', 'NASNetLarge', 'ResNet50']"
0.12626156700221736,5,14,224,224,0.96,0.8208699072202047,3.8290579203688297,3.90001781053155,0.9391752076148987,0.8061799739838869,0,"[1.0, 1.0, 1.0, 1.0, 0.0, 1.0, 0.0, 0.0, 0.0, 0.0, 0.0, 0.0, 0.0, 0.0, 0.0, 0.0, 0.0, 0.0, 0.0, 0.0]","['DenseNet121', 'EfficientNetV2S', 'MobileNetV2', 'NASNetLarge', 'ResNet50']"
0.12626156700221736,5,15,224,224,0.92,0.8084723296960195,3.8218337927817254,3.856988833330917,0.9598435831069946,0.44715803134221954,0,"[1.0, 1.0, 1.0, 1.0, 0.0, 1.0, 0.0, 0.0, 0.0, 0.0, 0.0, 0.0, 0.0, 0.0, 0.0, 0.0, 0.0, 0.0, 0.0, 0.0]","['DenseNet121', 'EfficientNetV2S', 'MobileNetV2', 'NASNetLarge', 'ResNet50']"
0.11918822838519093,4,14,224,224,0.88,0.7550155542294184,3.8317566318472687,3.88009206586787,0.8590711307525635,-0.44715803134221954,5,"[1.0, 1.0, 1.0, 1.0, 0.0, 1.0, 0.0, 0.0, 0.0, 0.0, 0.0, 0.0, 0.0, 0.0, 0.0, 0.0, 0.0, 0.0, 0.0, 0.0]","['EfficientNetV2S', 'MobileNetV2', 'NASNetLarge', 'ResNet50']"
0.09980894156358132,3,14,224,224,0.96,0.8509079960982006,3.8214034489372484,3.85752141034439,0.9457245087623596,0.8061799739838869,6,"[1.0, 1.0, 1.0, 1.0, 0.0, 1.0, 0.0, 0.0, 0.0, 0.0, 0.0, 0.0, 0.0, 0.0, 0.0, 0.0, 0.0, 0.0, 0.0, 0.0]","['MobileNetV2', 'NASNetLarge', 'ResNet50']"
0.09980894156358132,3,14,224,224,0.96,0.7710091263055802,3.826352050438523,3.8962954396976084,0.8515321254730225,0.8061799739838869,6,"[1.0, 1.0, 1.0, 1.0, 0.0, 1.0, 0.0, 0.0, 0.0, 0.0, 0.0, 0.0, 0.0, 0.0, 0.0, 0.0, 0.0, 0.0, 0.0, 0.0]","['MobileNetV2', 'NASNetLarge', 'ResNet50']"
0.09980894156358132,3,15,224,224,0.8,0.6968208475907645,3.8163426710367423,3.868057191245443,0.8240052676200866,-1.0,5,"[1.0, 1.0, 1.0, 1.0, 0.0, 1.0, 0.0, 0.0, 0.0, 0.0, 0.0, 0.0, 0.0, 0.0, 0.0, 0.0, 0.0, 0.0, 0.0, 0.0]","['MobileNetV2', 'NASNetLarge', 'ResNet50']"
0.08444531234748909,2,15,224,224,0.96,0.8080231428146363,3.8226994609048126,3.879627534547465,0.9030801773071289,0.8061799739838869,9,"[1.0, 1.0, 1.0, 1.0, 0.0, 1.0, 0.0, 0.0, 0.0, 0.0, 0.0, 0.0, 0.0, 0.0, 0.0, 0.0, 0.0, 0.0, 0.0, 0.0]","['MobileNetV2', 'NASNetLarge']"
0.0022563998645235748,1,14,224,224,0.84,0.6365994572639465,0.10553096894153123,0.12314814252996883,0.6834132409095764,-0.8061799739838875,8,"[1.0, 1.0, 1.0, 1.0, 0.0, 1.0, 0.0, 0.0, 0.0, 0.0, 0.0, 0.0, 0.0, 0.0, 0.0, 0.0, 0.0, 0.0, 0.0, 0.0]",['MobileNetV2']
0.0022563998645235748,1,33,224,224,0.76,0.6075462579727173,0.10766153529696526,0.12773832734650978,0.6325294327735901,-1.1335389083702174,10,"[1.0, 1.0, 1.0, 1.0, 0.0, 1.0, 0.0, 0.0, 0.0, 0.0, 0.0, 0.0, 0.0, 0.0, 0.0, 0.0, 0.0, 0.0, 0.0, 0.0]",['MobileNetV2']
0.0022563998645235748,1,15,224,224,0.8,0.6389834117889405,0.10364988730854653,0.12181350220824978,0.7004519414901733,-1.0,6,"[1.0, 1.0, 1.0, 1.0, 0.0, 1.0, 0.0, 0.0, 0.0, 0.0, 0.0, 0.0, 0.0, 0.0, 0.0, 0.0, 0.0, 0.0, 0.0, 0.0]",['MobileNetV2']
0.0022563998645235748,1,14,224,224,0.68,0.6263316416740418,0.10954852731096601,0.13001858803954702,0.6787466716766357,-1.3180633349627615,6,"[1.0, 1.0, 1.0, 1.0, 0.0, 1.0, 0.0, 0.0, 0.0, 0.0, 0.0, 0.0, 0.0, 0.0, 0.0, 0.0, 0.0, 0.0, 0.0, 0.0]",['MobileNetV2']
0.0176200290806158,2,14,224,224,0.88,0.7657522428035736,0.42730483829486643,0.48882452503823476,0.8652429258823395,-0.44715803134221954,4,"[1.0, 1.0, 1.0, 1.0, 0.0, 1.0, 0.0, 0.0, 0.0, 0.0, 0.0, 0.0, 0.0, 0.0, 0.0, 0.0, 0.0, 0.0, 0.0, 0.0]","['MobileNetV2', 'ResNet50']"
0.0176200290806158,2,14,224,224,0.72,0.6287454581260681,0.4157153148621468,0.4505813128009992,0.9007083129882812,-1.235528446907549,10,"[1.0, 1.0, 1.0, 1.0, 0.0, 1.0, 0.0, 0.0, 0.0, 0.0, 0.0, 0.0, 0.0, 0.0, 0.0, 0.0, 0.0, 0.0, 0.0, 0.0]","['MobileNetV2', 'ResNet50']"
0.0176200290806158,2,14,224,224,0.68,0.5220931577682495,0.42385692092510746,0.5018255351370854,0.7509273779392243,-1.3180633349627615,8,"[1.0, 1.0, 1.0, 1.0, 0.0, 1.0, 0.0, 0.0, 0.0, 0.0, 0.0, 0.0, 0.0, 0.0, 0.0, 0.0, 0.0, 0.0, 0.0, 0.0]","['MobileNetV2', 'ResNet50']"
0.0176200290806158,2,14,224,224,0.84,0.7211685782670975,0.422086947231395,0.45456917760495735,0.9007456386089325,-0.8061799739838875,5,"[1.0, 1.0, 1.0, 1.0, 0.0, 1.0, 0.0, 0.0, 0.0, 0.0, 0.0, 0.0, 0.0, 0.0, 0.0, 0.0, 0.0, 0.0, 0.0, 0.0]","['MobileNetV2', 'ResNet50']"
0.0176200290806158,2,15,224,224,0.84,0.7126242703199387,0.42337671136943533,0.4539875608323792,0.825397390127182,-0.8061799739838875,6,"[1.0, 1.0, 1.0, 1.0, 0.0, 1.0, 0.0, 0.0, 0.0, 0.0, 0.0, 0.0, 0.0, 0.0, 0.0, 0.0, 0.0, 0.0, 0.0, 0.0]","['MobileNetV2', 'ResNet50']"
0.09980894156358132,3,15,224,224,0.8,0.6845627897977828,3.8368060989669392,3.876087036871602,0.8704322504997254,-1.0,3,"[1.0, 1.0, 1.0, 1.0, 0.0, 1.0, 0.0, 0.0, 0.0, 0.0, 0.0, 0.0, 0.0, 0.0, 0.0, 0.0, 0.0, 0.0, 0.0, 0.0]","['MobileNetV2', 'NASNetLarge', 'ResNet50']"
0.08444531234748909,2,15,224,224,0.88,0.7409995144605637,3.8323587691410257,3.8824771104713833,0.8571068799495697,-0.44715803134221954,9,"[1.0, 1.0, 1.0, 1.0, 0.0, 1.0, 0.0, 0.0, 0.0, 0.0, 0.0, 0.0, 0.0, 0.0, 0.0, 0.0, 0.0, 0.0, 0.0, 0.0]","['MobileNetV2', 'NASNetLarge']"
0.0022563998645235748,1,15,224,224,0.76,0.5969856786727905,0.10807542282038513,0.1773609958686063,0.6614691269397736,-1.1335389083702174,8,"[1.0, 1.0, 1.0, 1.0, 0.0, 1.0, 0.0, 0.0, 0.0, 0.0, 0.0, 0.0, 0.0, 0.0, 0.0, 0.0, 0.0, 0.0, 0.0, 0.0]",['MobileNetV2']
0.0022563998645235748,1,14,224,224,0.76,0.5717207968235016,0.10980672412112717,0.14611279583437714,0.6796637749671937,-1.1335389083702174,10,"[1.0, 1.0, 1.0, 1.0, 0.0, 1.0, 0.0, 0.0, 0.0, 0.0, 0.0, 0.0, 0.0, 0.0, 0.0, 0.0, 0.0, 0.0, 0.0, 0.0]",['MobileNetV2']
0.0022563998645235748,1,14,224,224,0.72,0.6047680115699768,0.10564851840164526,0.15182202222321517,0.6374234938621521,-1.235528446907549,2,"[1.0, 1.0, 1.0, 1.0, 0.0, 1.0, 0.0, 0.0, 0.0, 0.0, 0.0, 0.0, 0.0, 0.0, 0.0, 0.0, 0.0, 0.0, 0.0, 0.0]",['MobileNetV2']
0.0022563998645235748,1,14,224,224,0.72,0.5740127527713775,0.10057714392735397,0.12585638757512488,0.6413981926441192,-1.235528446907549,6,"[1.0, 1.0, 1.0, 1.0, 0.0, 1.0, 0.0, 0.0, 0.0, 0.0, 0.0, 0.0, 0.0, 0.0, 0.0, 0.0, 0.0, 0.0, 0.0, 0.0]",['MobileNetV2']
0.0022563998645235748,1,15,224,224,0.8,0.6208350706100464,0.11334516069553091,0.1371691360719994,0.7256287527084351,-1.0,7,"[1.0, 1.0, 1.0, 1.0, 0.0, 1.0, 0.0, 0.0, 0.0, 0.0, 0.0, 0.0, 0.0, 0.0, 0.0, 0.0, 0.0, 0.0, 0.0, 0.0]",['MobileNetV2']
0.08444531234748909,2,14,224,224,0.84,0.7322636413574218,3.823544248519276,3.8813891791161654,0.8868213224411011,-0.8061799739838875,3,"[1.0, 1.0, 1.0, 1.0, 0.0, 1.0, 0.0, 0.0, 0.0, 0.0, 0.0, 0.0, 0.0, 0.0, 0.0, 0.0, 0.0, 0.0, 0.0, 0.0]","['MobileNetV2', 'NASNetLarge']"
0.08444531234748909,2,14,224,224,0.84,0.7002384495735169,3.830904646930639,3.8696729892116513,0.8480039131641388,-0.8061799739838875,3,"[1.0, 1.0, 1.0, 1.0, 0.0, 1.0, 0.0, 0.0, 0.0, 0.0, 0.0, 0.0, 0.0, 0.0, 0.0, 0.0, 0.0, 0.0, 0.0, 0.0]","['MobileNetV2', 'NASNetLarge']"
0.08444531234748909,2,15,224,224,0.96,0.8150442308187484,3.828541556387198,3.8609379261432837,0.8951680874824524,0.8061799739838869,6,"[1.0, 1.0, 1.0, 1.0, 0.0, 1.0, 0.0, 0.0, 0.0, 0.0, 0.0, 0.0, 0.0, 0.0, 0.0, 0.0, 0.0, 0.0, 0.0, 0.0]","['MobileNetV2', 'NASNetLarge']"
0.08444531234748909,2,13,224,224,0.92,0.7601419657468795,3.829014242086444,3.874273994691836,0.8756467151641846,0.44715803134221954,5,"[1.0, 1.0, 1.0, 1.0, 0.0, 1.0, 0.0, 0.0, 0.0, 0.0, 0.0, 0.0, 0.0, 0.0, 0.0, 0.0, 0.0, 0.0, 0.0, 0.0]","['MobileNetV2', 'NASNetLarge']"
0.08218891248296552,1,14,224,224,1.0,0.8567625629901886,3.8322170910944027,3.8671539854320702,0.8567625629901886,1.0,7,"[1.0, 1.0, 1.0, 1.0, 0.0, 1.0, 0.0, 0.0, 0.0, 0.0, 0.0, 0.0, 0.0, 0.0, 0.0, 0.0, 0.0, 0.0, 0.0, 0.0]",['NASNetLarge']
0.08444531234748909,2,15,224,224,0.96,0.819438705444336,3.8354991237045026,3.937363886974323,0.905327455997467,0.8061799739838869,2,"[1.0, 1.0, 1.0, 1.0, 0.0, 1.0, 0.0, 0.0, 0.0, 0.0, 0.0, 0.0, 0.0, 0.0, 0.0, 0.0, 0.0, 0.0, 0.0, 0.0]","['MobileNetV2', 'NASNetLarge']"
0.08444531234748909,2,14,224,224,0.92,0.7552709674835205,3.8213398581715734,3.8724816776641515,0.8639369368553161,0.44715803134221954,6,"[1.0, 1.0, 1.0, 1.0, 0.0, 1.0, 0.0, 0.0, 0.0, 0.0, 0.0, 0.0, 0.0, 0.0, 0.0, 0.0, 0.0, 0.0, 0.0, 0.0]","['MobileNetV2', 'NASNetLarge']"
0.08444531234748909,2,14,224,224,0.92,0.7695026004314423,3.8226452061086285,3.855220813692116,0.8673912441730499,0.44715803134221954,5,"[1.0, 1.0, 1.0, 1.0, 0.0, 1.0, 0.0, 0.0, 0.0, 0.0, 0.0, 0.0, 0.0, 0.0, 0.0, 0.0, 0.0, 0.0, 0.0, 0.0]","['MobileNetV2', 'NASNetLarge']"
0.1038245991690987,3,15,224,224,1.0,0.8277069477240245,3.825616634413762,3.865984323010651,0.8780055475234986,1.0,1,"[1.0, 1.0, 1.0, 1.0, 0.0, 1.0, 0.0, 0.0, 0.0, 0.0, 0.0, 0.0, 0.0, 0.0, 0.0, 0.0, 0.0, 0.0, 0.0, 0.0]","['EfficientNetV2S', 'MobileNetV2', 'NASNetLarge']"
0.1038245991690987,3,14,224,224,0.84,0.724796041647593,3.8307320662833035,3.8691701931361306,0.8655706572532654,-0.8061799739838875,10,"[1.0, 1.0, 1.0, 1.0, 0.0, 1.0, 0.0, 0.0, 0.0, 0.0, 0.0, 0.0, 0.0, 0.0, 0.0, 0.0, 0.0, 0.0, 0.0, 0.0]","['EfficientNetV2S', 'MobileNetV2', 'NASNetLarge']"
0.11089793778612513,4,14,224,224,0.84,0.7218857362866402,3.8318611389592285,3.866576330610085,0.8780907607078552,-0.8061799739838875,0,"[1.0, 1.0, 1.0, 1.0, 0.0, 1.0, 0.0, 0.0, 0.0, 0.0, 0.0, 0.0, 0.0, 0.0, 0.0, 0.0, 0.0, 0.0, 0.0, 0.0]","['DenseNet121', 'EfficientNetV2S', 'MobileNetV2', 'NASNetLarge']"
0.11089793778612513,4,14,224,224,0.8,0.7011399300893149,3.8295117318235175,3.864556605935372,0.8986645364761352,-1.0,10,"[1.0, 1.0, 1.0, 1.0, 0.0, 1.0, 0.0, 0.0, 0.0, 0.0, 0.0, 0.0, 0.0, 0.0, 0.0, 0.0, 0.0, 0.0, 0.0, 0.0]","['DenseNet121', 'EfficientNetV2S', 'MobileNetV2', 'NASNetLarge']"
0.11089793778612513,4,15,224,224,0.92,0.7667169986168543,3.825981500993824,3.850877319086253,0.9298507094383239,0.44715803134221954,0,"[1.0, 1.0, 1.0, 1.0, 0.0, 1.0, 0.0, 0.0, 0.0, 0.0, 0.0, 0.0, 0.0, 0.0, 0.0, 0.0, 0.0, 0.0, 0.0, 0.0]","['DenseNet121', 'EfficientNetV2S', 'MobileNetV2', 'NASNetLarge']"
0.028709025303159604,3,14,224,224,0.88,0.7339568108320236,1.1636769732831995,1.2488259296755109,0.8674252164363861,-0.44715803134221954,8,"[1.0, 1.0, 1.0, 1.0, 0.0, 1.0, 0.0, 0.0, 0.0, 0.0, 0.0, 0.0, 0.0, 0.0, 0.0, 0.0, 0.0, 0.0, 0.0, 0.0]","['DenseNet121', 'EfficientNetV2S', 'MobileNetV2']"
0.028709025303159604,3,15,224,224,0.96,0.8038176600138347,1.1488044578362993,1.1900833724462916,0.8835245013237,0.8061799739838869,2,"[1.0, 1.0, 1.0, 1.0, 0.0, 1.0, 0.0, 0.0, 0.0, 0.0, 0.0, 0.0, 0.0, 0.0, 0.0, 0.0, 0.0, 0.0, 0.0, 0.0]","['DenseNet121', 'EfficientNetV2S', 'MobileNetV2']"
0.028709025303159604,3,15,224,224,0.92,0.781287442445755,1.163408786600788,1.2060888033009873,0.9390804672241211,0.44715803134221954,10,"[1.0, 1.0, 1.0, 1.0, 0.0, 1.0, 0.0, 0.0, 0.0, 0.0, 0.0, 0.0, 0.0, 0.0, 0.0, 0.0, 0.0, 0.0, 0.0, 0.0]","['DenseNet121', 'EfficientNetV2S', 'MobileNetV2']"
0.028709025303159604,3,15,224,224,1.0,0.8560315543413162,1.1533764232382395,1.1910943980536952,0.942141969203949,1.0,2,"[1.0, 1.0, 1.0, 1.0, 0.0, 1.0, 0.0, 0.0, 0.0, 0.0, 0.0, 0.0, 0.0, 0.0, 0.0, 0.0, 0.0, 0.0, 0.0, 0.0]","['DenseNet121', 'EfficientNetV2S', 'MobileNetV2']"
0.028709025303159604,3,14,224,224,0.92,0.7608402637640636,1.1563544657077167,1.1970115947749564,0.8822785830497741,0.44715803134221954,9,"[1.0, 1.0, 1.0, 1.0, 0.0, 1.0, 0.0, 0.0, 0.0, 0.0, 0.0, 0.0, 0.0, 0.0, 0.0, 0.0, 0.0, 0.0, 0.0, 0.0]","['DenseNet121', 'EfficientNetV2S', 'MobileNetV2']"
0.028709025303159604,3,33,224,224,0.8,0.6946344955762227,1.1524132615120222,1.20250740505864,0.8985009002685547,-1.0,10,"[1.0, 1.0, 1.0, 1.0, 0.0, 1.0, 0.0, 0.0, 0.0, 0.0, 0.0, 0.0, 0.0, 0.0, 0.0, 0.0, 0.0, 0.0, 0.0, 0.0]","['DenseNet121', 'EfficientNetV2S', 'MobileNetV2']"
0.028709025303159604,3,15,224,224,0.84,0.7027584010362625,1.1580304880434138,1.1864042052251471,0.8484571063518525,-0.8061799739838875,10,"[1.0, 1.0, 1.0, 1.0, 0.0, 1.0, 0.0, 0.0, 0.0, 0.0, 0.0, 0.0, 0.0, 0.0, 0.0, 0.0, 0.0, 0.0, 0.0, 0.0]","['DenseNet121', 'EfficientNetV2S', 'MobileNetV2']"
0.02645262543863603,2,14,224,224,0.96,0.8207562172412872,1.1566579872287386,1.2570367531337474,0.8775684320926667,0.8061799739838869,7,"[1.0, 1.0, 1.0, 1.0, 0.0, 1.0, 0.0, 0.0, 0.0, 0.0, 0.0, 0.0, 0.0, 0.0, 0.0, 0.0, 0.0, 0.0, 0.0, 0.0]","['DenseNet121', 'EfficientNetV2S']"
0.02645262543863603,2,15,224,224,1.0,0.8909528189897538,1.1621765769971049,1.191359575181654,0.9215473759174347,1.0,1,"[1.0, 1.0, 1.0, 1.0, 0.0, 1.0, 0.0, 0.0, 0.0, 0.0, 0.0, 0.0, 0.0, 0.0, 0.0, 0.0, 0.0, 0.0, 0.0, 0.0]","['DenseNet121', 'EfficientNetV2S']"
0.02645262543863603,2,14,224,224,0.84,0.7379414159059524,1.1616599943001356,1.2148197022946128,0.8654942178726196,-0.8061799739838875,10,"[1.0, 1.0, 1.0, 1.0, 0.0, 1.0, 0.0, 0.0, 0.0, 0.0, 0.0, 0.0, 0.0, 0.0, 0.0, 0.0, 0.0, 0.0, 0.0, 0.0]","['DenseNet121', 'EfficientNetV2S']"
0.10864153792160156,3,15,224,224,0.96,0.8539159528414407,3.828433337596598,3.876768570864881,0.9337098336219788,0.8061799739838869,3,"[1.0, 1.0, 1.0, 1.0, 0.0, 1.0, 0.0, 0.0, 0.0, 0.0, 0.0, 0.0, 0.0, 0.0, 0.0, 0.0, 0.0, 0.0, 0.0, 0.0]","['DenseNet121', 'EfficientNetV2S', 'NASNetLarge']"
0.08926225109999195,2,14,224,224,0.92,0.7989046829938888,3.8265744305583356,3.9456093093822338,0.9376347589492798,0.44715803134221954,6,"[1.0, 1.0, 1.0, 1.0, 0.0, 1.0, 0.0, 0.0, 0.0, 0.0, 0.0, 0.0, 0.0, 0.0, 0.0, 0.0, 0.0, 0.0, 0.0, 0.0]","['DenseNet121', 'NASNetLarge']"
0.10462588031608418,3,15,224,224,0.92,0.7754568805297217,3.822985459604579,3.8606148336791777,0.8849004638195038,0.44715803134221954,4,"[1.0, 1.0, 1.0, 1.0, 0.0, 1.0, 0.0, 0.0, 0.0, 0.0, 0.0, 0.0, 0.0, 0.0, 0.0, 0.0, 0.0, 0.0, 0.0, 0.0]","['DenseNet121', 'NASNetLarge', 'ResNet50']"
0.02243696783311866,2,14,224,224,0.84,0.7617043793201447,0.41664223623701646,0.44437484450984177,0.8833383345603942,-0.8061799739838875,8,"[1.0, 1.0, 1.0, 1.0, 0.0, 1.0, 0.0, 0.0, 0.0, 0.0, 0.0, 0.0, 0.0, 0.0, 0.0, 0.0, 0.0, 0.0, 0.0, 0.0]","['DenseNet121', 'ResNet50']"
0.015363629216092228,1,33,224,224,0.64,0.5834370803833008,0.42099641081214545,0.4542432867765302,0.7282975673675537,-1.3873898263387294,5,"[1.0, 1.0, 1.0, 1.0, 0.0, 1.0, 0.0, 0.0, 0.0, 0.0, 0.0, 0.0, 0.0, 0.0, 0.0, 0.0, 0.0, 0.0, 0.0, 0.0]",['ResNet50']
0.015363629216092228,1,14,224,224,0.68,0.5808842015266419,0.42834128843934777,0.5396359018254107,0.7531312930583954,-1.3180633349627615,8,"[1.0, 1.0, 1.0, 1.0, 0.0, 1.0, 0.0, 0.0, 0.0, 0.0, 0.0, 0.0, 0.0, 0.0, 0.0, 0.0, 0.0, 0.0, 0.0, 0.0]",['ResNet50']
0.0176200290806158,2,15,224,224,0.88,0.7639389944076538,0.41809291636389856,0.4626414155347805,0.9039678835868835,-0.44715803134221954,2,"[1.0, 1.0, 1.0, 1.0, 0.0, 1.0, 0.0, 0.0, 0.0, 0.0, 0.0, 0.0, 0.0, 0.0, 0.0, 0.0, 0.0, 0.0, 0.0, 0.0]","['MobileNetV2', 'ResNet50']"
0.0022563998645235748,1,15,224,224,0.8,0.6433592939376831,0.10912944227770595,0.12356671360737496,0.7024639582633972,-1.0,9,"[1.0, 1.0, 1.0, 1.0, 0.0, 1.0, 0.0, 0.0, 0.0, 0.0, 0.0, 0.0, 0.0, 0.0, 0.0, 0.0, 0.0, 0.0, 0.0, 0.0]",['MobileNetV2']
0.0022563998645235748,1,13,224,224,0.76,0.659781506061554,0.10723706786677722,0.12026271873926014,0.7294581198692321,-1.1335389083702174,5,"[1.0, 1.0, 1.0, 1.0, 0.0, 1.0, 0.0, 0.0, 0.0, 0.0, 0.0, 0.0, 0.0, 0.0, 0.0, 0.0, 0.0, 0.0, 0.0, 0.0]",['MobileNetV2']
0.0176200290806158,2,14,224,224,0.76,0.6600144463777542,0.41681464006672264,0.4412513373719623,0.8262146103382111,-1.1335389083702174,4,"[1.0, 1.0, 1.0, 1.0, 0.0, 1.0, 0.0, 0.0, 0.0, 0.0, 0.0, 0.0, 0.0, 0.0, 0.0, 0.0, 0.0, 0.0, 0.0, 0.0]","['MobileNetV2', 'ResNet50']"
0.0176200290806158,2,14,224,224,0.76,0.5990775096416473,0.42170502997747916,0.446103726439344,0.7401280283927918,-1.1335389083702174,5,"[1.0, 1.0, 1.0, 1.0, 0.0, 1.0, 0.0, 0.0, 0.0, 0.0, 0.0, 0.0, 0.0, 0.0, 0.0, 0.0, 0.0, 0.0, 0.0, 0.0]","['MobileNetV2', 'ResNet50']"
0.036999315902225396,3,14,224,224,1.0,0.8374701863527299,1.1583402221008172,1.1923086441192354,0.9302106118202209,1.0,1,"[1.0, 1.0, 1.0, 1.0, 0.0, 1.0, 0.0, 0.0, 0.0, 0.0, 0.0, 0.0, 0.0, 0.0, 0.0, 0.0, 0.0, 0.0, 0.0, 0.0]","['EfficientNetV2S', 'MobileNetV2', 'ResNet50']"
0.0176200290806158,2,14,224,224,0.88,0.7132727110385895,0.41847075939030076,0.45745360192185197,0.8510886669158936,-0.44715803134221954,6,"[1.0, 1.0, 1.0, 1.0, 0.0, 1.0, 0.0, 0.0, 0.0, 0.0, 0.0, 0.0, 0.0, 0.0, 0.0, 0.0, 0.0, 0.0, 0.0, 0.0]","['MobileNetV2', 'ResNet50']"
0.0176200290806158,2,15,224,224,0.84,0.6876550334692001,0.4243061834788253,0.45833200196677126,0.8377612066268921,-0.8061799739838875,8,"[1.0, 1.0, 1.0, 1.0, 0.0, 1.0, 0.0, 0.0, 0.0, 0.0, 0.0, 0.0, 0.0, 0.0, 0.0, 0.0, 0.0, 0.0, 0.0, 0.0]","['MobileNetV2', 'ResNet50']"
0.0176200290806158,2,14,224,224,0.88,0.7403035533428192,0.42793385898859826,0.5562467601123087,0.8401570749282837,-0.44715803134221954,4,"[1.0, 1.0, 1.0, 1.0, 0.0, 1.0, 0.0, 0.0, 0.0, 0.0, 0.0, 0.0, 0.0, 0.0, 0.0, 0.0, 0.0, 0.0, 0.0, 0.0]","['MobileNetV2', 'ResNet50']"
0.0176200290806158,2,15,224,224,0.76,0.6461358916759491,0.4178346598682409,0.44879358858604845,0.8287280642986298,-1.1335389083702174,6,"[1.0, 1.0, 1.0, 1.0, 0.0, 1.0, 0.0, 0.0, 0.0, 0.0, 0.0, 0.0, 0.0, 0.0, 0.0, 0.0, 0.0, 0.0, 0.0, 0.0]","['MobileNetV2', 'ResNet50']"
0.0022563998645235748,1,14,224,224,0.72,0.6095726704597473,0.11179085373091385,0.13143667264298248,0.7318795120716095,-1.235528446907549,9,"[1.0, 1.0, 1.0, 1.0, 0.0, 1.0, 0.0, 0.0, 0.0, 0.0, 0.0, 0.0, 0.0, 0.0, 0.0, 0.0, 0.0, 0.0, 0.0, 0.0]",['MobileNetV2']
0.0022563998645235748,1,14,224,224,0.56,0.47478719234466554,0.11068982238117442,0.18069107554348912,0.7292352557182312,-1.4996870826184037,6,"[1.0, 1.0, 1.0, 1.0, 0.0, 1.0, 0.0, 0.0, 0.0, 0.0, 0.0, 0.0, 0.0, 0.0, 0.0, 0.0, 0.0, 0.0, 0.0, 0.0]",['MobileNetV2']
0.0022563998645235748,1,14,224,224,0.84,0.6668337738513946,0.10721118939894919,0.12332414672147793,0.707542906999588,-0.8061799739838875,2,"[1.0, 1.0, 1.0, 1.0, 0.0, 1.0, 0.0, 0.0, 0.0, 0.0, 0.0, 0.0, 0.0, 0.0, 0.0, 0.0, 0.0, 0.0, 0.0, 0.0]",['MobileNetV2']
0.0022563998645235748,1,15,224,224,0.76,0.6317269968986511,0.10843203825657322,0.13232083438661144,0.7250608158111572,-1.1335389083702174,8,"[1.0, 1.0, 1.0, 1.0, 0.0, 1.0, 0.0, 0.0, 0.0, 0.0, 0.0, 0.0, 0.0, 0.0, 0.0, 0.0, 0.0, 0.0, 0.0, 0.0]",['MobileNetV2']
0.0022563998645235748,1,14,224,224,0.76,0.6159219837188721,0.11212272249199902,0.12878298260168894,0.641056592464447,-1.1335389083702174,9,"[1.0, 1.0, 1.0, 1.0, 0.0, 1.0, 0.0, 0.0, 0.0, 0.0, 0.0, 0.0, 0.0, 0.0, 0.0, 0.0, 0.0, 0.0, 0.0, 0.0]",['MobileNetV2']
0.0022563998645235748,1,14,224,224,0.76,0.5855092966556549,0.10940906437535464,0.12124481188629527,0.6270843422412873,-1.1335389083702174,2,"[1.0, 1.0, 1.0, 1.0, 0.0, 1.0, 0.0, 0.0, 0.0, 0.0, 0.0, 0.0, 0.0, 0.0, 0.0, 0.0, 0.0, 0.0, 0.0, 0.0]",['MobileNetV2']
0.0022563998645235748,1,14,224,224,0.88,0.7557441318035125,0.10958970336531453,0.1680637061327256,0.7997139000892639,-0.44715803134221954,5,"[1.0, 1.0, 1.0, 1.0, 0.0, 1.0, 0.0, 0.0, 0.0, 0.0, 0.0, 0.0, 0.0, 0.0, 0.0, 0.0, 0.0, 0.0, 0.0, 0.0]",['MobileNetV2']
0.0022563998645235748,1,14,224,224,0.84,0.6853929758071899,0.10877077614580345,0.12230269939887907,0.7407441508769989,-0.8061799739838875,10,"[1.0, 1.0, 1.0, 1.0, 0.0, 1.0, 0.0, 0.0, 0.0, 0.0, 0.0, 0.0, 0.0, 0.0, 0.0, 0.0, 0.0, 0.0, 0.0, 0.0]",['MobileNetV2']
0.0022563998645235748,1,15,224,224,0.76,0.5707994496822357,0.11129958513442181,0.1440904113831116,0.6496515119075775,-1.1335389083702174,10,"[1.0, 1.0, 1.0, 1.0, 0.0, 1.0, 0.0, 0.0, 0.0, 0.0, 0.0, 0.0, 0.0, 0.0, 0.0, 0.0, 0.0, 0.0, 0.0, 0.0]",['MobileNetV2']
0.0022563998645235748,1,14,224,224,0.76,0.6321480214595795,0.1096492214958417,0.12525903531057606,0.6845115768909454,-1.1335389083702174,8,"[1.0, 1.0, 1.0, 1.0, 0.0, 1.0, 0.0, 0.0, 0.0, 0.0, 0.0, 0.0, 0.0, 0.0, 0.0, 0.0, 0.0, 0.0, 0.0, 0.0]",['MobileNetV2']
0.0022563998645235748,1,14,224,224,0.64,0.509797090291977,0.1044243071711686,0.11953346772072,0.6187979257106782,-1.3873898263387294,8,"[1.0, 1.0, 1.0, 1.0, 0.0, 1.0, 0.0, 0.0, 0.0, 0.0, 0.0, 0.0, 0.0, 0.0, 0.0, 0.0, 0.0, 0.0, 0.0, 0.0]",['MobileNetV2']
0.0022563998645235748,1,14,224,224,0.8,0.5967281436920167,0.102461103509419,0.1225489095684568,0.6979920506477356,-1.0,6,"[1.0, 1.0, 1.0, 1.0, 0.0, 1.0, 0.0, 0.0, 0.0, 0.0, 0.0, 0.0, 0.0, 0.0, 0.0, 0.0, 0.0, 0.0, 0.0, 0.0]",['MobileNetV2']
0.0022563998645235748,1,12,224,224,0.92,0.7075434279441833,0.10846146794079947,0.11650682256596445,0.7488495552539826,0.44715803134221954,9,"[1.0, 1.0, 1.0, 1.0, 0.0, 1.0, 0.0, 0.0, 0.0, 0.0, 0.0, 0.0, 0.0, 0.0, 0.0, 0.0, 0.0, 0.0, 0.0, 0.0]",['MobileNetV2']
0.0022563998645235748,1,15,224,224,0.76,0.6292197394371033,0.11084377225786608,0.17412981466739716,0.6844276881217957,-1.1335389083702174,10,"[1.0, 1.0, 1.0, 1.0, 0.0, 1.0, 0.0, 0.0, 0.0, 0.0, 0.0, 0.0, 0.0, 0.0, 0.0, 0.0, 0.0, 0.0, 0.0, 0.0]",['MobileNetV2']
0.0022563998645235748,1,15,224,224,0.84,0.6671958482265472,0.11100595879948522,0.16317720300754265,0.7110630977153778,-0.8061799739838875,9,"[1.0, 1.0, 1.0, 1.0, 0.0, 1.0, 0.0, 0.0, 0.0, 0.0, 0.0, 0.0, 0.0, 0.0, 0.0, 0.0, 0.0, 0.0, 0.0, 0.0]",['MobileNetV2']
0.0022563998645235748,1,14,224,224,0.76,0.6221842706203461,0.11045761374380454,0.1982612177043506,0.6715842688083649,-1.1335389083702174,6,"[1.0, 1.0, 1.0, 1.0, 0.0, 1.0, 0.0, 0.0, 0.0, 0.0, 0.0, 0.0, 0.0, 0.0, 0.0, 0.0, 0.0, 0.0, 0.0, 0.0]",['MobileNetV2']
0.08444531234748909,2,15,224,224,0.96,0.7855932861566544,3.829849397590039,3.9426273177151616,0.8689188718795776,0.8061799739838869,3,"[1.0, 1.0, 1.0, 1.0, 0.0, 1.0, 0.0, 0.0, 0.0, 0.0, 0.0, 0.0, 0.0, 0.0, 0.0, 0.0, 0.0, 0.0, 0.0, 0.0]","['MobileNetV2', 'NASNetLarge']"
0.08444531234748909,2,13,224,224,0.8,0.6613703274726868,3.8318550602674493,3.8707916032974774,0.842725293636322,-1.0,9,"[1.0, 1.0, 1.0, 1.0, 0.0, 1.0, 0.0, 0.0, 0.0, 0.0, 0.0, 0.0, 0.0, 0.0, 0.0, 0.0, 0.0, 0.0, 0.0, 0.0]","['MobileNetV2', 'NASNetLarge']"
0.08444531234748909,2,15,224,224,1.0,0.834413942694664,3.8242950074859765,3.854150498038477,0.8845305633544922,1.0,9,"[1.0, 1.0, 1.0, 1.0, 0.0, 1.0, 0.0, 0.0, 0.0, 0.0, 0.0, 0.0, 0.0, 0.0, 0.0, 0.0, 0.0, 0.0, 0.0, 0.0]","['MobileNetV2', 'NASNetLarge']"
0.08444531234748909,2,14,224,224,0.96,0.7483229088783264,3.8425496512140107,4.055240514409402,0.8379552495479584,0.8061799739838869,10,"[1.0, 1.0, 1.0, 1.0, 0.0, 1.0, 0.0, 0.0, 0.0, 0.0, 0.0, 0.0, 0.0, 0.0, 0.0, 0.0, 0.0, 0.0, 0.0, 0.0]","['MobileNetV2', 'NASNetLarge']"
0.08444531234748909,2,14,224,224,0.8,0.6818498015403748,3.8380507297893094,3.906375672076903,0.8604504263401032,-1.0,6,"[1.0, 1.0, 1.0, 1.0, 0.0, 1.0, 0.0, 0.0, 0.0, 0.0, 0.0, 0.0, 0.0, 0.0, 0.0, 0.0, 0.0, 0.0, 0.0, 0.0]","['MobileNetV2', 'NASNetLarge']"
0.08444531234748909,2,13,224,224,0.96,0.7794720280170441,3.8278416670893605,3.893159723685326,0.8561321306228638,0.8061799739838869,2,"[1.0, 1.0, 1.0, 1.0, 0.0, 1.0, 0.0, 0.0, 0.0, 0.0, 0.0, 0.0, 0.0, 0.0, 0.0, 0.0, 0.0, 0.0, 0.0, 0.0]","['MobileNetV2', 'NASNetLarge']"
0.08444531234748909,2,14,224,224,1.0,0.8461359333992005,3.8199434402423122,3.862885525371585,0.9079650497436523,1.0,3,"[1.0, 1.0, 1.0, 1.0, 0.0, 1.0, 0.0, 0.0, 0.0, 0.0, 0.0, 0.0, 0.0, 0.0, 0.0, 0.0, 0.0, 0.0, 0.0, 0.0]","['MobileNetV2', 'NASNetLarge']"
0.09151865096451553,3,14,224,224,0.92,0.7776072595516841,3.825932686314143,3.9348689961173684,0.923212206363678,0.44715803134221954,0,"[1.0, 1.0, 1.0, 1.0, 0.0, 1.0, 0.0, 0.0, 0.0, 0.0, 0.0, 0.0, 0.0, 0.0, 0.0, 0.0, 0.0, 0.0, 0.0, 0.0]","['DenseNet121', 'MobileNetV2', 'NASNetLarge']"
0.08926225109999195,2,14,224,224,0.92,0.8136415302753448,3.8256830527105974,3.9111447375463997,0.8781723523139954,0.44715803134221954,7,"[1.0, 1.0, 1.0, 1.0, 0.0, 1.0, 0.0, 0.0, 0.0, 0.0, 0.0, 0.0, 0.0, 0.0, 0.0, 0.0, 0.0, 0.0, 0.0, 0.0]","['DenseNet121', 'NASNetLarge']"
0.09151865096451553,3,14,224,224,0.92,0.7780074644088747,3.8346810469722965,3.9211672686264127,0.9133121228218078,0.44715803134221954,2,"[1.0, 1.0, 1.0, 1.0, 0.0, 1.0, 0.0, 0.0, 0.0, 0.0, 0.0, 0.0, 0.0, 0.0, 0.0, 0.0, 0.0, 0.0, 0.0, 0.0]","['DenseNet121', 'MobileNetV2', 'NASNetLarge']"
0.09151865096451553,3,14,224,224,0.92,0.8012292587757109,3.832524252440982,3.893852956272448,0.9389550542831421,0.44715803134221954,3,"[1.0, 1.0, 1.0, 1.0, 0.0, 1.0, 0.0, 0.0, 0.0, 0.0, 0.0, 0.0, 0.0, 0.0, 0.0, 0.0, 0.0, 0.0, 0.0, 0.0]","['DenseNet121', 'MobileNetV2', 'NASNetLarge']"
0.09151865096451553,3,13,224,224,0.88,0.7601379567384722,3.8272217936864417,3.8534110400606862,0.859813482761383,-0.44715803134221954,2,"[1.0, 1.0, 1.0, 1.0, 0.0, 1.0, 0.0, 0.0, 0.0, 0.0, 0.0, 0.0, 0.0, 0.0, 0.0, 0.0, 0.0, 0.0, 0.0, 0.0]","['DenseNet121', 'MobileNetV2', 'NASNetLarge']"
0.10688228018060776,4,15,224,224,0.88,0.7671811462442081,3.822476337155731,3.845734677632282,0.9100824356079101,-0.44715803134221954,4,"[1.0, 1.0, 1.0, 1.0, 0.0, 1.0, 0.0, 0.0, 0.0, 0.0, 0.0, 0.0, 0.0, 0.0, 0.0, 0.0, 0.0, 0.0, 0.0, 0.0]","['DenseNet121', 'MobileNetV2', 'NASNetLarge', 'ResNet50']"
0.10688228018060776,4,15,224,224,0.88,0.7416136975089708,3.829431850893893,3.8817566810345063,0.9097661209106446,-0.44715803134221954,10,"[1.0, 1.0, 1.0, 1.0, 0.0, 1.0, 0.0, 0.0, 0.0, 0.0, 0.0, 0.0, 0.0, 0.0, 0.0, 0.0, 0.0, 0.0, 0.0, 0.0]","['DenseNet121', 'MobileNetV2', 'NASNetLarge', 'ResNet50']"
0.09151865096451553,3,13,224,224,0.92,0.7869169894854227,3.8268178557097587,3.942163214224537,0.8829640293121338,0.44715803134221954,9,"[1.0, 1.0, 1.0, 1.0, 0.0, 1.0, 0.0, 0.0, 0.0, 0.0, 0.0, 0.0, 0.0, 0.0, 0.0, 0.0, 0.0, 0.0, 0.0, 0.0]","['DenseNet121', 'MobileNetV2', 'NASNetLarge']"
0.09151865096451553,3,15,224,224,0.96,0.8228454820315043,3.8307099908514464,3.9265783159879786,0.9142199969291687,0.8061799739838869,6,"[1.0, 1.0, 1.0, 1.0, 0.0, 1.0, 0.0, 0.0, 0.0, 0.0, 0.0, 0.0, 0.0, 0.0, 0.0, 0.0, 0.0, 0.0, 0.0, 0.0]","['DenseNet121', 'MobileNetV2', 'NASNetLarge']"
0.09151865096451553,3,15,224,224,0.92,0.7642758512496948,3.8213632785314076,3.856163346571634,0.8867684626579284,0.44715803134221954,3,"[1.0, 1.0, 1.0, 1.0, 0.0, 1.0, 0.0, 0.0, 0.0, 0.0, 0.0, 0.0, 0.0, 0.0, 0.0, 0.0, 0.0, 0.0, 0.0, 0.0]","['DenseNet121', 'MobileNetV2', 'NASNetLarge']"
0.10688228018060776,4,14,224,224,0.96,0.8174838068087895,3.823584005124198,3.8825058843367146,0.9401625061035156,0.8061799739838869,4,"[1.0, 1.0, 1.0, 1.0, 0.0, 1.0, 0.0, 0.0, 0.0, 0.0, 0.0, 0.0, 0.0, 0.0, 0.0, 0.0, 0.0, 0.0, 0.0, 0.0]","['DenseNet121', 'MobileNetV2', 'NASNetLarge', 'ResNet50']"
0.024693367697642233,3,14,224,224,0.84,0.7216939930121103,0.42255394036041893,0.48343631788926983,0.8889513206481934,-0.8061799739838875,8,"[1.0, 1.0, 1.0, 1.0, 0.0, 1.0, 0.0, 0.0, 0.0, 0.0, 0.0, 0.0, 0.0, 0.0, 0.0, 0.0, 0.0, 0.0, 0.0, 0.0]","['DenseNet121', 'MobileNetV2', 'ResNet50']"
0.024693367697642233,3,14,224,224,0.76,0.6608381344874701,0.42809914436086305,0.5619847180274865,0.8347049510478973,-1.1335389083702174,4,"[1.0, 1.0, 1.0, 1.0, 0.0, 1.0, 0.0, 0.0, 0.0, 0.0, 0.0, 0.0, 0.0, 0.0, 0.0, 0.0, 0.0, 0.0, 0.0, 0.0]","['DenseNet121', 'MobileNetV2', 'ResNet50']"
0.024693367697642233,3,14,224,224,0.84,0.7430592187245688,0.4256648662887349,0.4539014146035375,0.8981535160541534,-0.8061799739838875,0,"[1.0, 1.0, 1.0, 1.0, 0.0, 1.0, 0.0, 0.0, 0.0, 0.0, 0.0, 0.0, 0.0, 0.0, 0.0, 0.0, 0.0, 0.0, 0.0, 0.0]","['DenseNet121', 'MobileNetV2', 'ResNet50']"
0.024693367697642233,3,15,224,224,0.76,0.6675730403264365,0.4291408292160944,0.46003309540610066,0.8259213030338287,-1.1335389083702174,6,"[1.0, 1.0, 1.0, 1.0, 0.0, 1.0, 0.0, 0.0, 0.0, 0.0, 0.0, 0.0, 0.0, 0.0, 0.0, 0.0, 0.0, 0.0, 0.0, 0.0]","['DenseNet121', 'MobileNetV2', 'ResNet50']"
0.0176200290806158,2,13,224,224,0.76,0.6435087835788726,0.42344315272298727,0.5114420179635587,0.8667373192310334,-1.1335389083702174,5,"[1.0, 1.0, 1.0, 1.0, 0.0, 1.0, 0.0, 0.0, 0.0, 0.0, 0.0, 0.0, 0.0, 0.0, 0.0, 0.0, 0.0, 0.0, 0.0, 0.0]","['MobileNetV2', 'ResNet50']"
0.015363629216092228,1,15,224,224,0.84,0.7490763998031617,0.4208384738503518,0.45037804983239355,0.8042119789123535,-0.8061799739838875,7,"[1.0, 1.0, 1.0, 1.0, 0.0, 1.0, 0.0, 0.0, 0.0, 0.0, 0.0, 0.0, 0.0, 0.0, 0.0, 0.0, 0.0, 0.0, 0.0, 0.0]",['ResNet50']
0.015363629216092228,1,13,224,224,0.88,0.7806714725494385,0.4208153864327046,0.47230864064530026,0.8094844508171082,-0.44715803134221954,6,"[1.0, 1.0, 1.0, 1.0, 0.0, 1.0, 0.0, 0.0, 0.0, 0.0, 0.0, 0.0, 0.0, 0.0, 0.0, 0.0, 0.0, 0.0, 0.0, 0.0]",['ResNet50']
0.015363629216092228,1,15,224,224,0.8,0.7086426568031311,0.4263492799187398,0.4595161540460375,0.806407036781311,-1.0,10,"[1.0, 1.0, 1.0, 1.0, 0.0, 1.0, 0.0, 0.0, 0.0, 0.0, 0.0, 0.0, 0.0, 0.0, 0.0, 0.0, 0.0, 0.0, 0.0, 0.0]",['ResNet50']
0.015363629216092228,1,14,224,224,0.8,0.7572260642051697,0.42521896593012615,0.47117467344807323,0.8579260754585266,-1.0,9,"[1.0, 1.0, 1.0, 1.0, 0.0, 1.0, 0.0, 0.0, 0.0, 0.0, 0.0, 0.0, 0.0, 0.0, 0.0, 0.0, 0.0, 0.0, 0.0, 0.0]",['ResNet50']
0.034742916037701826,2,14,224,224,0.92,0.8404359126091003,1.1506758561139374,1.1799571930832515,0.9451690196990967,0.44715803134221954,1,"[1.0, 1.0, 1.0, 1.0, 0.0, 1.0, 0.0, 0.0, 0.0, 0.0, 0.0, 0.0, 0.0, 0.0, 0.0, 0.0, 0.0, 0.0, 0.0, 0.0]","['EfficientNetV2S', 'ResNet50']"
0.034742916037701826,2,15,224,224,0.84,0.7592514955997467,1.1598876702240695,1.197050232559234,0.8524586141109467,-0.8061799739838875,8,"[1.0, 1.0, 1.0, 1.0, 0.0, 1.0, 0.0, 0.0, 0.0, 0.0, 0.0, 0.0, 0.0, 0.0, 0.0, 0.0, 0.0, 0.0, 0.0, 0.0]","['EfficientNetV2S', 'ResNet50']"
0.041816254654728255,3,14,224,224,0.84,0.7175259466965994,1.156691759479063,1.2029453423826622,0.8689002251625061,-0.8061799739838875,0,"[1.0, 1.0, 1.0, 1.0, 0.0, 1.0, 0.0, 0.0, 0.0, 0.0, 0.0, 0.0, 0.0, 0.0, 0.0, 0.0, 0.0, 0.0, 0.0, 0.0]","['DenseNet121', 'EfficientNetV2S', 'ResNet50']"
0.04407265451925183,4,15,224,224,1.0,0.8925751958290735,1.1609561187611275,1.1888981156227492,0.9601685976982117,1.0,2,"[1.0, 1.0, 1.0, 1.0, 0.0, 1.0, 0.0, 0.0, 0.0, 0.0, 0.0, 0.0, 0.0, 0.0, 0.0, 0.0, 0.0, 0.0, 0.0, 0.0]","['DenseNet121', 'EfficientNetV2S', 'MobileNetV2', 'ResNet50']"
0.04407265451925183,4,14,224,224,0.88,0.7195506478349367,1.1522961224504722,1.187090729388577,0.876921010017395,-0.44715803134221954,10,"[1.0, 1.0, 1.0, 1.0, 0.0, 1.0, 0.0, 0.0, 0.0, 0.0, 0.0, 0.0, 0.0, 0.0, 0.0, 0.0, 0.0, 0.0, 0.0, 0.0]","['DenseNet121', 'EfficientNetV2S', 'MobileNetV2', 'ResNet50']"
0.024693367697642233,3,15,224,224,0.72,0.6006398777167002,0.4222598085796927,0.4669680940349227,0.8636960744857788,-1.235528446907549,6,"[1.0, 1.0, 1.0, 1.0, 0.0, 1.0, 0.0, 0.0, 0.0, 0.0, 0.0, 0.0, 0.0, 0.0, 0.0, 0.0, 0.0, 0.0, 0.0, 0.0]","['DenseNet121', 'MobileNetV2', 'ResNet50']"
0.10688228018060776,4,14,224,224,0.88,0.7420956745743752,3.8159192097911006,3.851197041023155,0.9269727754592896,-0.44715803134221954,3,"[1.0, 1.0, 1.0, 1.0, 0.0, 1.0, 0.0, 0.0, 0.0, 0.0, 0.0, 0.0, 0.0, 0.0, 0.0, 0.0, 0.0, 0.0, 0.0, 0.0]","['DenseNet121', 'MobileNetV2', 'NASNetLarge', 'ResNet50']"
0.10462588031608418,3,14,224,224,0.68,0.5654998858769735,3.8298661673243997,3.8659855217680517,0.8491337716579437,-1.3180633349627615,7,"[1.0, 1.0, 1.0, 1.0, 0.0, 1.0, 0.0, 0.0, 0.0, 0.0, 0.0, 0.0, 0.0, 0.0, 0.0, 0.0, 0.0, 0.0, 0.0, 0.0]","['DenseNet121', 'NASNetLarge', 'ResNet50']"
0.10688228018060776,4,15,224,224,0.84,0.7140208611885706,3.8378467905845253,3.8877545504266022,0.90742924451828,-0.8061799739838875,2,"[1.0, 1.0, 1.0, 1.0, 0.0, 1.0, 0.0, 0.0, 0.0, 0.0, 0.0, 0.0, 0.0, 0.0, 0.0, 0.0, 0.0, 0.0, 0.0, 0.0]","['DenseNet121', 'MobileNetV2', 'NASNetLarge', 'ResNet50']"
0.10462588031608418,3,14,224,224,0.84,0.7537335669994354,3.8262034646285388,3.926763952330694,0.9292971098423004,-0.8061799739838875,7,"[1.0, 1.0, 1.0, 1.0, 0.0, 1.0, 0.0, 0.0, 0.0, 0.0, 0.0, 0.0, 0.0, 0.0, 0.0, 0.0, 0.0, 0.0, 0.0, 0.0]","['DenseNet121', 'NASNetLarge', 'ResNet50']"
0.10688228018060776,4,14,224,224,0.96,0.8162851140896479,3.8360861877212526,3.8635796589739404,0.9442554712295532,0.8061799739838869,2,"[1.0, 1.0, 1.0, 1.0, 0.0, 1.0, 0.0, 0.0, 0.0, 0.0, 0.0, 0.0, 0.0, 0.0, 0.0, 0.0, 0.0, 0.0, 0.0, 0.0]","['DenseNet121', 'MobileNetV2', 'NASNetLarge', 'ResNet50']"
0.10688228018060776,4,15,224,224,0.96,0.8199346336722373,3.821604352430741,3.8747716261352516,0.9237652945518494,0.8061799739838869,2,"[1.0, 1.0, 1.0, 1.0, 0.0, 1.0, 0.0, 0.0, 0.0, 0.0, 0.0, 0.0, 0.0, 0.0, 0.0, 0.0, 0.0, 0.0, 0.0, 0.0]","['DenseNet121', 'MobileNetV2', 'NASNetLarge', 'ResNet50']"
0.10688228018060776,4,15,224,224,0.76,0.674127856095632,3.8310774234938303,3.8643873536970523,0.8758895468711853,-1.1335389083702174,6,"[1.0, 1.0, 1.0, 1.0, 0.0, 1.0, 0.0, 0.0, 0.0, 0.0, 0.0, 0.0, 0.0, 0.0, 0.0, 0.0, 0.0, 0.0, 0.0, 0.0]","['DenseNet121', 'MobileNetV2', 'NASNetLarge', 'ResNet50']"
0.10688228018060776,4,14,224,224,0.84,0.7193042008082071,3.8303746247384534,3.8726765674423778,0.8599750673770905,-0.8061799739838875,10,"[1.0, 1.0, 1.0, 1.0, 0.0, 1.0, 0.0, 0.0, 0.0, 0.0, 0.0, 0.0, 0.0, 0.0, 0.0, 0.0, 0.0, 0.0, 0.0, 0.0]","['DenseNet121', 'MobileNetV2', 'NASNetLarge', 'ResNet50']"
0.10462588031608418,3,14,224,224,0.92,0.7719483919938405,3.8267582949089847,3.847186523184046,0.9259654998779296,0.44715803134221954,7,"[1.0, 1.0, 1.0, 1.0, 0.0, 1.0, 0.0, 0.0, 0.0, 0.0, 0.0, 0.0, 0.0, 0.0, 0.0, 0.0, 0.0, 0.0, 0.0, 0.0]","['DenseNet121', 'NASNetLarge', 'ResNet50']"
0.10462588031608418,3,14,224,224,0.92,0.7805594257513683,3.8299781184682713,3.885177965719613,0.8640702748298645,0.44715803134221954,4,"[1.0, 1.0, 1.0, 1.0, 0.0, 1.0, 0.0, 0.0, 0.0, 0.0, 0.0, 0.0, 0.0, 0.0, 0.0, 0.0, 0.0, 0.0, 0.0, 0.0]","['DenseNet121', 'NASNetLarge', 'ResNet50']"
0.10462588031608418,3,14,224,224,0.92,0.8321477862199148,3.8334471053789527,3.869251788987766,0.918579614162445,0.44715803134221954,3,"[1.0, 1.0, 1.0, 1.0, 0.0, 1.0, 0.0, 0.0, 0.0, 0.0, 0.0, 0.0, 0.0, 0.0, 0.0, 0.0, 0.0, 0.0, 0.0, 0.0]","['DenseNet121', 'NASNetLarge', 'ResNet50']"
0.10462588031608418,3,15,224,224,0.92,0.7801096079746883,3.832157315288144,3.8752780893014234,0.9008854818344116,0.44715803134221954,4,"[1.0, 1.0, 1.0, 1.0, 0.0, 1.0, 0.0, 0.0, 0.0, 0.0, 0.0, 0.0, 0.0, 0.0, 0.0, 0.0, 0.0, 0.0, 0.0, 0.0]","['DenseNet121', 'NASNetLarge', 'ResNet50']"
0.10462588031608418,3,14,224,224,0.92,0.8434426466623941,3.8242016028800903,3.862012268718657,0.9452747726440429,0.44715803134221954,7,"[1.0, 1.0, 1.0, 1.0, 0.0, 1.0, 0.0, 0.0, 0.0, 0.0, 0.0, 0.0, 0.0, 0.0, 0.0, 0.0, 0.0, 0.0, 0.0, 0.0]","['DenseNet121', 'NASNetLarge', 'ResNet50']"
0.10462588031608418,3,14,224,224,0.88,0.758981913725535,3.8207089675710466,3.8572458853247547,0.9165474438667297,-0.44715803134221954,4,"[1.0, 1.0, 1.0, 1.0, 0.0, 1.0, 0.0, 0.0, 0.0, 0.0, 0.0, 0.0, 0.0, 0.0, 0.0, 0.0, 0.0, 0.0, 0.0, 0.0]","['DenseNet121', 'NASNetLarge', 'ResNet50']"
0.02243696783311866,2,15,224,224,0.76,0.673008553981781,0.4175954956985502,0.45655960790455413,0.7971243274211883,-1.1335389083702174,8,"[1.0, 1.0, 1.0, 1.0, 0.0, 1.0, 0.0, 0.0, 0.0, 0.0, 0.0, 0.0, 0.0, 0.0, 0.0, 0.0, 0.0, 0.0, 0.0, 0.0]","['DenseNet121', 'ResNet50']"
0.02243696783311866,2,15,224,224,0.84,0.7402770429849624,0.4190028197614206,0.464308299084975,0.8719131124019622,-0.8061799739838875,8,"[1.0, 1.0, 1.0, 1.0, 0.0, 1.0, 0.0, 0.0, 0.0, 0.0, 0.0, 0.0, 0.0, 0.0, 0.0, 0.0, 0.0, 0.0, 0.0, 0.0]","['DenseNet121', 'ResNet50']"
0.02243696783311866,2,14,224,224,0.84,0.7488935339450836,0.426238446903379,0.5058498989055689,0.8888512420654296,-0.8061799739838875,4,"[1.0, 1.0, 1.0, 1.0, 0.0, 1.0, 0.0, 0.0, 0.0, 0.0, 0.0, 0.0, 0.0, 0.0, 0.0, 0.0, 0.0, 0.0, 0.0, 0.0]","['DenseNet121', 'ResNet50']"
0.02243696783311866,2,14,224,224,0.8,0.6980193471908569,0.42379252374280957,0.472947247185036,0.8825888586044311,-1.0,10,"[1.0, 1.0, 1.0, 1.0, 0.0, 1.0, 0.0, 0.0, 0.0, 0.0, 0.0, 0.0, 0.0, 0.0, 0.0, 0.0, 0.0, 0.0, 0.0, 0.0]","['DenseNet121', 'ResNet50']"
0.041816254654728255,3,14,224,224,0.92,0.7642981419960657,1.156687478075809,1.1817224257733314,0.8933519530296326,0.44715803134221954,1,"[1.0, 1.0, 1.0, 1.0, 0.0, 1.0, 0.0, 0.0, 0.0, 0.0, 0.0, 0.0, 0.0, 0.0, 0.0, 0.0, 0.0, 0.0, 0.0, 0.0]","['DenseNet121', 'EfficientNetV2S', 'ResNet50']"
0.041816254654728255,3,15,224,224,0.72,0.6241404847304026,1.1552502919854042,1.2267318927600932,0.8233197498321533,-1.235528446907549,10,"[1.0, 1.0, 1.0, 1.0, 0.0, 1.0, 0.0, 0.0, 0.0, 0.0, 0.0, 0.0, 0.0, 0.0, 0.0, 0.0, 0.0, 0.0, 0.0, 0.0]","['DenseNet121', 'EfficientNetV2S', 'ResNet50']"
0.034742916037701826,2,14,224,224,0.84,0.7630165362358093,1.1581975739639752,1.1954327128166593,0.8969530367851257,-0.8061799739838875,5,"[1.0, 1.0, 1.0, 1.0, 0.0, 1.0, 0.0, 0.0, 0.0, 0.0, 0.0, 0.0, 0.0, 0.0, 0.0, 0.0, 0.0, 0.0, 0.0, 0.0]","['EfficientNetV2S', 'ResNet50']"
0.034742916037701826,2,15,224,224,0.92,0.8049308228492736,1.150396164739913,1.208190529377058,0.9118660092353821,0.44715803134221954,4,"[1.0, 1.0, 1.0, 1.0, 0.0, 1.0, 0.0, 0.0, 0.0, 0.0, 0.0, 0.0, 0.0, 0.0, 0.0, 0.0, 0.0, 0.0, 0.0, 0.0]","['EfficientNetV2S', 'ResNet50']"
0.034742916037701826,2,14,224,224,0.96,0.842772274017334,1.152111857104888,1.1831953225848315,0.9199449992179871,0.8061799739838869,1,"[1.0, 1.0, 1.0, 1.0, 0.0, 1.0, 0.0, 0.0, 0.0, 0.0, 0.0, 0.0, 0.0, 0.0, 0.0, 0.0, 0.0, 0.0, 0.0, 0.0]","['EfficientNetV2S', 'ResNet50']"
0.0193792868216096,1,14,224,224,0.88,0.7564402961730957,1.1586752381228278,1.1934996267046025,0.8311946547031402,-0.44715803134221954,9,"[1.0, 1.0, 1.0, 1.0, 0.0, 1.0, 0.0, 0.0, 0.0, 0.0, 0.0, 0.0, 0.0, 0.0, 0.0, 0.0, 0.0, 0.0, 0.0, 0.0]",['EfficientNetV2S']
0.02645262543863603,2,15,224,224,0.92,0.7708119696378708,1.1630453226279782,1.2617966766421687,0.8816686916351318,0.44715803134221954,0,"[1.0, 1.0, 1.0, 1.0, 0.0, 1.0, 0.0, 0.0, 0.0, 0.0, 0.0, 0.0, 0.0, 0.0, 0.0, 0.0, 0.0, 0.0, 0.0, 0.0]","['DenseNet121', 'EfficientNetV2S']"
0.02645262543863603,2,15,224,224,0.84,0.7181466442346572,1.158361737537567,1.186161785271981,0.9046421790122986,-0.8061799739838875,10,"[1.0, 1.0, 1.0, 1.0, 0.0, 1.0, 0.0, 0.0, 0.0, 0.0, 0.0, 0.0, 0.0, 0.0, 0.0, 0.0, 0.0, 0.0, 0.0, 0.0]","['DenseNet121', 'EfficientNetV2S']"
0.041816254654728255,3,15,224,224,0.88,0.7589928416411083,1.1557216814995994,1.2410904118963662,0.8681886386871338,-0.44715803134221954,4,"[1.0, 1.0, 1.0, 1.0, 0.0, 1.0, 0.0, 0.0, 0.0, 0.0, 0.0, 0.0, 0.0, 0.0, 0.0, 0.0, 0.0, 0.0, 0.0, 0.0]","['DenseNet121', 'EfficientNetV2S', 'ResNet50']"
0.034742916037701826,2,14,224,224,0.96,0.8643492758274078,1.1568988224662136,1.2090836446569824,0.9045260000228882,0.8061799739838869,5,"[1.0, 1.0, 1.0, 1.0, 0.0, 1.0, 0.0, 0.0, 0.0, 0.0, 0.0, 0.0, 0.0, 0.0, 0.0, 0.0, 0.0, 0.0, 0.0, 0.0]","['EfficientNetV2S', 'ResNet50']"
0.015363629216092228,1,15,224,224,0.84,0.763993570804596,0.4199065470948036,0.4365442264074946,0.8556254625320434,-0.8061799739838875,6,"[1.0, 1.0, 1.0, 1.0, 0.0, 1.0, 0.0, 0.0, 0.0, 0.0, 0.0, 0.0, 0.0, 0.0, 0.0, 0.0, 0.0, 0.0, 0.0, 0.0]",['ResNet50']
0.0176200290806158,2,15,224,224,0.76,0.5841390651464462,0.4246777737131275,0.44967053317679784,0.7738611125946044,-1.1335389083702174,2,"[1.0, 1.0, 1.0, 1.0, 0.0, 1.0, 0.0, 0.0, 0.0, 0.0, 0.0, 0.0, 0.0, 0.0, 0.0, 0.0, 0.0, 0.0, 0.0, 0.0]","['MobileNetV2', 'ResNet50']"
0.036999315902225396,3,15,224,224,0.88,0.7283530428012212,1.1583441817733124,1.183813796474074,0.8787277483940125,-0.44715803134221954,1,"[1.0, 1.0, 1.0, 1.0, 0.0, 1.0, 0.0, 0.0, 0.0, 0.0, 0.0, 0.0, 0.0, 0.0, 0.0, 0.0, 0.0, 0.0, 0.0, 0.0]","['EfficientNetV2S', 'MobileNetV2', 'ResNet50']"
0.034742916037701826,2,14,224,224,0.96,0.8308216482400894,1.1653347242528682,1.2920572533974208,0.8875573587417602,0.8061799739838869,7,"[1.0, 1.0, 1.0, 1.0, 0.0, 1.0, 0.0, 0.0, 0.0, 0.0, 0.0, 0.0, 0.0, 0.0, 0.0, 0.0, 0.0, 0.0, 0.0, 0.0]","['EfficientNetV2S', 'ResNet50']"
0.034742916037701826,2,15,224,224,0.92,0.7830667662620544,1.1488058763215696,1.2008410637757554,0.8641820001602173,0.44715803134221954,1,"[1.0, 1.0, 1.0, 1.0, 0.0, 1.0, 0.0, 0.0, 0.0, 0.0, 0.0, 0.0, 0.0, 0.0, 0.0, 0.0, 0.0, 0.0, 0.0, 0.0]","['EfficientNetV2S', 'ResNet50']"
0.0193792868216096,1,15,224,224,0.96,0.8552176260948181,1.1577625501135624,1.1959464189460582,0.8809880638122558,0.8061799739838869,9,"[1.0, 1.0, 1.0, 1.0, 0.0, 1.0, 0.0, 0.0, 0.0, 0.0, 0.0, 0.0, 0.0, 0.0, 0.0, 0.0, 0.0, 0.0, 0.0, 0.0]",['EfficientNetV2S']
0.034742916037701826,2,14,224,224,0.88,0.7371874666213989,1.1453369788298362,1.1897706831820398,0.8959730672836304,-0.44715803134221954,4,"[1.0, 1.0, 1.0, 1.0, 0.0, 1.0, 0.0, 0.0, 0.0, 0.0, 0.0, 0.0, 0.0, 0.0, 0.0, 0.0, 0.0, 0.0, 0.0, 0.0]","['EfficientNetV2S', 'ResNet50']"
0.034742916037701826,2,15,224,224,0.84,0.7641767394542694,1.1610194244936378,1.1896519229533293,0.878365044593811,-0.8061799739838875,5,"[1.0, 1.0, 1.0, 1.0, 0.0, 1.0, 0.0, 0.0, 0.0, 0.0, 0.0, 0.0, 0.0, 0.0, 0.0, 0.0, 0.0, 0.0, 0.0, 0.0]","['EfficientNetV2S', 'ResNet50']"
0.034742916037701826,2,13,224,224,1.0,0.8791709589958191,1.1683478706921435,1.302555584785267,0.9329035544395446,1.0,1,"[1.0, 1.0, 1.0, 1.0, 0.0, 1.0, 0.0, 0.0, 0.0, 0.0, 0.0, 0.0, 0.0, 0.0, 0.0, 0.0, 0.0, 0.0, 0.0, 0.0]","['EfficientNetV2S', 'ResNet50']"
0.034742916037701826,2,14,224,224,0.84,0.7141234338283539,1.1613747876687983,1.1992431069723526,0.9053563833236694,-0.8061799739838875,7,"[1.0, 1.0, 1.0, 1.0, 0.0, 1.0, 0.0, 0.0, 0.0, 0.0, 0.0, 0.0, 0.0, 0.0, 0.0, 0.0, 0.0, 0.0, 0.0, 0.0]","['EfficientNetV2S', 'ResNet50']"
0.034742916037701826,2,15,224,224,0.76,0.676198439002037,1.156721683908791,1.1895640224488042,0.878202919960022,-1.1335389083702174,7,"[1.0, 1.0, 1.0, 1.0, 0.0, 1.0, 0.0, 0.0, 0.0, 0.0, 0.0, 0.0, 0.0, 0.0, 0.0, 0.0, 0.0, 0.0, 0.0, 0.0]","['EfficientNetV2S', 'ResNet50']"
0.034742916037701826,2,14,224,224,0.96,0.8506249779462814,1.161049993496782,1.200575932140077,0.9178625655174255,0.8061799739838869,1,"[1.0, 1.0, 1.0, 1.0, 0.0, 1.0, 0.0, 0.0, 0.0, 0.0, 0.0, 0.0, 0.0, 0.0, 0.0, 0.0, 0.0, 0.0, 0.0, 0.0]","['EfficientNetV2S', 'ResNet50']"
0.0193792868216096,1,14,224,224,0.96,0.8659806060791015,1.1542021261147617,1.2159229628250323,0.8838236021995545,0.8061799739838869,9,"[1.0, 1.0, 1.0, 1.0, 0.0, 1.0, 0.0, 0.0, 0.0, 0.0, 0.0, 0.0, 0.0, 0.0, 0.0, 0.0, 0.0, 0.0, 0.0, 0.0]",['EfficientNetV2S']
0.0193792868216096,1,15,224,224,0.92,0.7974882531166076,1.1589862797290242,1.2025626988924714,0.8320426058769226,0.44715803134221954,7,"[1.0, 1.0, 1.0, 1.0, 0.0, 1.0, 0.0, 0.0, 0.0, 0.0, 0.0, 0.0, 0.0, 0.0, 0.0, 0.0, 0.0, 0.0, 0.0, 0.0]",['EfficientNetV2S']
0.10156819930457511,2,15,224,224,0.88,0.7830157601833343,3.8250739569809813,3.8684023230205096,0.865054099559784,-0.44715803134221954,3,"[1.0, 1.0, 1.0, 1.0, 0.0, 1.0, 0.0, 0.0, 0.0, 0.0, 0.0, 0.0, 0.0, 0.0, 0.0, 0.0, 0.0, 0.0, 0.0, 0.0]","['EfficientNetV2S', 'NASNetLarge']"
0.10156819930457511,2,15,224,224,1.0,0.8626079058647156,3.8295361001718935,3.864593190974549,0.8796579837799072,1.0,7,"[1.0, 1.0, 1.0, 1.0, 0.0, 1.0, 0.0, 0.0, 0.0, 0.0, 0.0, 0.0, 0.0, 0.0, 0.0, 0.0, 0.0, 0.0, 0.0, 0.0]","['EfficientNetV2S', 'NASNetLarge']"
0.10156819930457511,2,14,224,224,0.96,0.8438519024848938,3.8319983405474862,3.877172994123547,0.9042426204681396,0.8061799739838869,9,"[1.0, 1.0, 1.0, 1.0, 0.0, 1.0, 0.0, 0.0, 0.0, 0.0, 0.0, 0.0, 0.0, 0.0, 0.0, 0.0, 0.0, 0.0, 0.0, 0.0]","['EfficientNetV2S', 'NASNetLarge']"
0.08218891248296552,1,14,224,224,0.88,0.7652748012542725,3.8197284408970824,3.860454244316633,0.8296857023239136,-0.44715803134221954,6,"[1.0, 1.0, 1.0, 1.0, 0.0, 1.0, 0.0, 0.0, 0.0, 0.0, 0.0, 0.0, 0.0, 0.0, 0.0, 0.0, 0.0, 0.0, 0.0, 0.0]",['NASNetLarge']
0.09755254169905775,2,14,224,224,1.0,0.8666090840101242,3.8276696434678565,3.98208945336882,0.9308507347106934,1.0,4,"[1.0, 1.0, 1.0, 1.0, 0.0, 1.0, 0.0, 0.0, 0.0, 0.0, 0.0, 0.0, 0.0, 0.0, 0.0, 0.0, 0.0, 0.0, 0.0, 0.0]","['NASNetLarge', 'ResNet50']"
0.08218891248296552,1,15,224,224,0.92,0.8152403950691223,3.8273737538807553,3.8681728208138497,0.883522047996521,0.44715803134221954,9,"[1.0, 1.0, 1.0, 1.0, 0.0, 1.0, 0.0, 0.0, 0.0, 0.0, 0.0, 0.0, 0.0, 0.0, 0.0, 0.0, 0.0, 0.0, 0.0, 0.0]",['NASNetLarge']
0.08218891248296552,1,14,224,224,0.84,0.724160293340683,3.8274525565541433,3.8595417425961647,0.8256570219993591,-0.8061799739838875,7,"[1.0, 1.0, 1.0, 1.0, 0.0, 1.0, 0.0, 0.0, 0.0, 0.0, 0.0, 0.0, 0.0, 0.0, 0.0, 0.0, 0.0, 0.0, 0.0, 0.0]",['NASNetLarge']
0.08218891248296552,1,14,224,224,0.92,0.8157100701332092,3.8231720263573816,3.8638619133021987,0.8615139281749725,0.44715803134221954,9,"[1.0, 1.0, 1.0, 1.0, 0.0, 1.0, 0.0, 0.0, 0.0, 0.0, 0.0, 0.0, 0.0, 0.0, 0.0, 0.0, 0.0, 0.0, 0.0, 0.0]",['NASNetLarge']
0.08218891248296552,1,15,224,224,1.0,0.8514280891418458,3.82647062555581,3.859948949792806,0.8514280891418458,1.0,3,"[1.0, 1.0, 1.0, 1.0, 0.0, 1.0, 0.0, 0.0, 0.0, 0.0, 0.0, 0.0, 0.0, 0.0, 0.0, 0.0, 0.0, 0.0, 0.0, 0.0]",['NASNetLarge']
0.09755254169905775,2,14,224,224,0.88,0.7955187427997589,3.825012102850161,3.8912007941589826,0.9193534231185914,-0.44715803134221954,4,"[1.0, 1.0, 1.0, 1.0, 0.0, 1.0, 0.0, 0.0, 0.0, 0.0, 0.0, 0.0, 0.0, 0.0, 0.0, 0.0, 0.0, 0.0, 0.0, 0.0]","['NASNetLarge', 'ResNet50']"
0.09755254169905775,2,14,224,224,1.0,0.8719160711765289,3.829476945709982,3.8572532531826456,0.9387731695175171,1.0,3,"[1.0, 1.0, 1.0, 1.0, 0.0, 1.0, 0.0, 0.0, 0.0, 0.0, 0.0, 0.0, 0.0, 0.0, 0.0, 0.0, 0.0, 0.0, 0.0, 0.0]","['NASNetLarge', 'ResNet50']"
0.09980894156358132,3,12,224,224,1.0,0.833690069715182,3.826419945440789,3.901347806665673,0.909193286895752,1.0,2,"[1.0, 1.0, 1.0, 1.0, 0.0, 1.0, 0.0, 0.0, 0.0, 0.0, 0.0, 0.0, 0.0, 0.0, 0.0, 0.0, 0.0, 0.0, 0.0, 0.0]","['MobileNetV2', 'NASNetLarge', 'ResNet50']"
0.09980894156358132,3,15,224,224,0.88,0.7326438017686208,3.8341449249151878,3.9309473879743346,0.8284500813484192,-0.44715803134221954,6,"[1.0, 1.0, 1.0, 1.0, 0.0, 1.0, 0.0, 0.0, 0.0, 0.0, 0.0, 0.0, 0.0, 0.0, 0.0, 0.0, 0.0, 0.0, 0.0, 0.0]","['MobileNetV2', 'NASNetLarge', 'ResNet50']"
0.09980894156358132,3,33,224,224,0.84,0.7224666583538055,3.8287598726391407,3.8872051581087557,0.8275152182579041,-0.8061799739838875,5,"[1.0, 1.0, 1.0, 1.0, 0.0, 1.0, 0.0, 0.0, 0.0, 0.0, 0.0, 0.0, 0.0, 0.0, 0.0, 0.0, 0.0, 0.0, 0.0, 0.0]","['MobileNetV2', 'NASNetLarge', 'ResNet50']"
0.09980894156358132,3,33,224,224,0.96,0.8523751109838485,3.821090303894323,3.8904885780824454,0.9486972069740296,0.8061799739838869,10,"[1.0, 1.0, 1.0, 1.0, 0.0, 1.0, 0.0, 0.0, 0.0, 0.0, 0.0, 0.0, 0.0, 0.0, 0.0, 0.0, 0.0, 0.0, 0.0, 0.0]","['MobileNetV2', 'NASNetLarge', 'ResNet50']"
0.09980894156358132,3,15,224,224,0.84,0.7412104868888855,3.8195265010053627,3.8623443617872972,0.9061690413951874,-0.8061799739838875,2,"[1.0, 1.0, 1.0, 1.0, 0.0, 1.0, 0.0, 0.0, 0.0, 0.0, 0.0, 0.0, 0.0, 0.0, 0.0, 0.0, 0.0, 0.0, 0.0, 0.0]","['MobileNetV2', 'NASNetLarge', 'ResNet50']"
0.10688228018060776,4,13,224,224,0.84,0.7073546773195267,3.830403457274013,3.8789781150864746,0.8860097813606262,-0.8061799739838875,0,"[1.0, 1.0, 1.0, 1.0, 0.0, 1.0, 0.0, 0.0, 0.0, 0.0, 0.0, 0.0, 0.0, 0.0, 0.0, 0.0, 0.0, 0.0, 0.0, 0.0]","['DenseNet121', 'MobileNetV2', 'NASNetLarge', 'ResNet50']"
0.10462588031608418,3,14,224,224,0.84,0.7294103686014811,3.8216251611802408,3.8746421710852883,0.8789182817935943,-0.8061799739838875,7,"[1.0, 1.0, 1.0, 1.0, 0.0, 1.0, 0.0, 0.0, 0.0, 0.0, 0.0, 0.0, 0.0, 0.0, 0.0, 0.0, 0.0, 0.0, 0.0, 0.0]","['DenseNet121', 'NASNetLarge', 'ResNet50']"
0.10462588031608418,3,14,224,224,0.88,0.7663189307848611,3.830630396315611,3.865993734680617,0.8443256998062134,-0.44715803134221954,7,"[1.0, 1.0, 1.0, 1.0, 0.0, 1.0, 0.0, 0.0, 0.0, 0.0, 0.0, 0.0, 0.0, 0.0, 0.0, 0.0, 0.0, 0.0, 0.0, 0.0]","['DenseNet121', 'NASNetLarge', 'ResNet50']"
0.10462588031608418,3,14,224,224,0.88,0.7464398974180222,3.8280484880700043,3.867158068944681,0.9069262194633484,-0.44715803134221954,0,"[1.0, 1.0, 1.0, 1.0, 0.0, 1.0, 0.0, 0.0, 0.0, 0.0, 0.0, 0.0, 0.0, 0.0, 0.0, 0.0, 0.0, 0.0, 0.0, 0.0]","['DenseNet121', 'NASNetLarge', 'ResNet50']"
0.09755254169905775,2,14,224,224,0.92,0.8328691041469574,3.825586802540617,3.9042951692757644,0.9513574051856994,0.44715803134221954,5,"[1.0, 1.0, 1.0, 1.0, 0.0, 1.0, 0.0, 0.0, 0.0, 0.0, 0.0, 0.0, 0.0, 0.0, 0.0, 0.0, 0.0, 0.0, 0.0, 0.0]","['NASNetLarge', 'ResNet50']"
0.08218891248296552,1,15,224,224,0.96,0.8027420043945312,3.826884562017493,3.9068735383131132,0.8027420043945312,0.8061799739838869,9,"[1.0, 1.0, 1.0, 1.0, 0.0, 1.0, 0.0, 0.0, 0.0, 0.0, 0.0, 0.0, 0.0, 0.0, 0.0, 0.0, 0.0, 0.0, 0.0, 0.0]",['NASNetLarge']
0.08218891248296552,1,15,224,224,0.96,0.8527422189712525,3.8298597801425625,3.918609434284941,0.8811065125465393,0.8061799739838869,5,"[1.0, 1.0, 1.0, 1.0, 0.0, 1.0, 0.0, 0.0, 0.0, 0.0, 0.0, 0.0, 0.0, 0.0, 0.0, 0.0, 0.0, 0.0, 0.0, 0.0]",['NASNetLarge']
0.09755254169905775,2,15,224,224,0.8,0.6966439664363862,3.837477571250927,3.8755657177112357,0.8772557187080383,-1.0,4,"[1.0, 1.0, 1.0, 1.0, 0.0, 1.0, 0.0, 0.0, 0.0, 0.0, 0.0, 0.0, 0.0, 0.0, 0.0, 0.0, 0.0, 0.0, 0.0, 0.0]","['NASNetLarge', 'ResNet50']"
0.10462588031608418,3,15,224,224,0.96,0.8411094478766122,3.8249972880482943,3.9247877914397824,0.9277211952209473,0.8061799739838869,0,"[1.0, 1.0, 1.0, 1.0, 0.0, 1.0, 0.0, 0.0, 0.0, 0.0, 0.0, 0.0, 0.0, 0.0, 0.0, 0.0, 0.0, 0.0, 0.0, 0.0]","['DenseNet121', 'NASNetLarge', 'ResNet50']"
0.10462588031608418,3,15,224,224,0.84,0.7424656790494919,3.8250330059504654,3.853997868027947,0.8828728723526001,-0.8061799739838875,3,"[1.0, 1.0, 1.0, 1.0, 0.0, 1.0, 0.0, 0.0, 0.0, 0.0, 0.0, 0.0, 0.0, 0.0, 0.0, 0.0, 0.0, 0.0, 0.0, 0.0]","['DenseNet121', 'NASNetLarge', 'ResNet50']"
0.08926225109999195,2,14,224,224,0.92,0.8212912881374359,3.8270191121959827,3.8661538200092282,0.9192279982566833,0.44715803134221954,9,"[1.0, 1.0, 1.0, 1.0, 0.0, 1.0, 0.0, 0.0, 0.0, 0.0, 0.0, 0.0, 0.0, 0.0, 0.0, 0.0, 0.0, 0.0, 0.0, 0.0]","['DenseNet121', 'NASNetLarge']"
0.09151865096451553,3,15,224,224,0.96,0.7811345779895782,3.825503275080156,3.8801744173992074,0.8889910316467285,0.8061799739838869,2,"[1.0, 1.0, 1.0, 1.0, 0.0, 1.0, 0.0, 0.0, 0.0, 0.0, 0.0, 0.0, 0.0, 0.0, 0.0, 0.0, 0.0, 0.0, 0.0, 0.0]","['DenseNet121', 'MobileNetV2', 'NASNetLarge']"
0.009329738481550005,2,15,224,224,0.84,0.6880620360374451,0.36989493276329194,0.43241428708839647,0.8338032531738281,-0.8061799739838875,8,"[1.0, 1.0, 1.0, 1.0, 0.0, 1.0, 0.0, 0.0, 0.0, 0.0, 0.0, 0.0, 0.0, 0.0, 0.0, 0.0, 0.0, 0.0, 0.0, 0.0]","['DenseNet121', 'MobileNetV2']"
0.009329738481550005,2,15,224,224,0.8,0.6590422970056534,0.38012830052628077,0.4105793149276748,0.7928197062015534,-1.0,2,"[1.0, 1.0, 1.0, 1.0, 0.0, 1.0, 0.0, 0.0, 0.0, 0.0, 0.0, 0.0, 0.0, 0.0, 0.0, 0.0, 0.0, 0.0, 0.0, 0.0]","['DenseNet121', 'MobileNetV2']"
0.024693367697642233,3,13,224,224,0.92,0.7842225046952565,0.42377510537367175,0.44313739189935225,0.887992559671402,0.44715803134221954,4,"[1.0, 1.0, 1.0, 1.0, 0.0, 1.0, 0.0, 0.0, 0.0, 0.0, 0.0, 0.0, 0.0, 0.0, 0.0, 0.0, 0.0, 0.0, 0.0, 0.0]","['DenseNet121', 'MobileNetV2', 'ResNet50']"
0.009329738481550005,2,14,224,224,0.88,0.7525937306880951,0.3810406541083489,0.4405974039489269,0.8570263004302978,-0.44715803134221954,9,"[1.0, 1.0, 1.0, 1.0, 0.0, 1.0, 0.0, 0.0, 0.0, 0.0, 0.0, 0.0, 0.0, 0.0, 0.0, 0.0, 0.0, 0.0, 0.0, 0.0]","['DenseNet121', 'MobileNetV2']"
0.0022563998645235748,1,13,224,224,0.84,0.6918215751647949,0.10489925770328958,0.12284237961068686,0.7897453284263611,-0.8061799739838875,5,"[1.0, 1.0, 1.0, 1.0, 0.0, 1.0, 0.0, 0.0, 0.0, 0.0, 0.0, 0.0, 0.0, 0.0, 0.0, 0.0, 0.0, 0.0, 0.0, 0.0]",['MobileNetV2']
0.0022563998645235748,1,14,224,224,0.72,0.5240251255035401,0.11212888461253982,0.1872257217988674,0.6517520380020142,-1.235528446907549,10,"[1.0, 1.0, 1.0, 1.0, 0.0, 1.0, 0.0, 0.0, 0.0, 0.0, 0.0, 0.0, 0.0, 0.0, 0.0, 0.0, 0.0, 0.0, 0.0, 0.0]",['MobileNetV2']
0.0176200290806158,2,15,224,224,0.8,0.6923904764652252,0.4358609988753639,0.5457106395523976,0.8286494743824006,-1.0,4,"[1.0, 1.0, 1.0, 1.0, 0.0, 1.0, 0.0, 0.0, 0.0, 0.0, 0.0, 0.0, 0.0, 0.0, 0.0, 0.0, 0.0, 0.0, 0.0, 0.0]","['MobileNetV2', 'ResNet50']"
0.0176200290806158,2,15,224,224,0.88,0.724284662604332,0.42084586146053893,0.45339369107766464,0.8475479531288147,-0.44715803134221954,5,"[1.0, 1.0, 1.0, 1.0, 0.0, 1.0, 0.0, 0.0, 0.0, 0.0, 0.0, 0.0, 0.0, 0.0, 0.0, 0.0, 0.0, 0.0, 0.0, 0.0]","['MobileNetV2', 'ResNet50']"
0.036999315902225396,3,14,224,224,0.76,0.6479817791779836,1.1587291456026891,1.233106741475055,0.8991068625450134,-1.1335389083702174,1,"[1.0, 1.0, 1.0, 1.0, 0.0, 1.0, 0.0, 0.0, 0.0, 0.0, 0.0, 0.0, 0.0, 0.0, 0.0, 0.0, 0.0, 0.0, 0.0, 0.0]","['EfficientNetV2S', 'MobileNetV2', 'ResNet50']"
0.036999315902225396,3,14,224,224,0.92,0.8137243421872457,1.156051876689696,1.1885843612261762,0.9156460070610046,0.44715803134221954,4,"[1.0, 1.0, 1.0, 1.0, 0.0, 1.0, 0.0, 0.0, 0.0, 0.0, 0.0, 0.0, 0.0, 0.0, 0.0, 0.0, 0.0, 0.0, 0.0, 0.0]","['EfficientNetV2S', 'MobileNetV2', 'ResNet50']"
0.04407265451925183,4,15,224,224,0.96,0.8202228058377902,1.1564942565514278,1.1934345000939988,0.9139336466789245,0.8061799739838869,0,"[1.0, 1.0, 1.0, 1.0, 0.0, 1.0, 0.0, 0.0, 0.0, 0.0, 0.0, 0.0, 0.0, 0.0, 0.0, 0.0, 0.0, 0.0, 0.0, 0.0]","['DenseNet121', 'EfficientNetV2S', 'MobileNetV2', 'ResNet50']"
0.028709025303159604,3,14,224,224,0.92,0.8100087443987529,1.1454970507838198,1.1998222604001023,0.9170219135284424,0.44715803134221954,9,"[1.0, 1.0, 1.0, 1.0, 0.0, 1.0, 0.0, 0.0, 0.0, 0.0, 0.0, 0.0, 0.0, 0.0, 0.0, 0.0, 0.0, 0.0, 0.0, 0.0]","['DenseNet121', 'EfficientNetV2S', 'MobileNetV2']"
0.021635686686133172,2,14,224,224,0.96,0.819318220615387,1.1611723118230972,1.2657487861657473,0.8663799595832825,0.8061799739838869,5,"[1.0, 1.0, 1.0, 1.0, 0.0, 1.0, 0.0, 0.0, 0.0, 0.0, 0.0, 0.0, 0.0, 0.0, 0.0, 0.0, 0.0, 0.0, 0.0, 0.0]","['EfficientNetV2S', 'MobileNetV2']"
0.1038245991690987,3,15,224,224,0.96,0.8212282093365987,3.8273991284054705,3.870915046888747,0.9075071454048157,0.8061799739838869,3,"[1.0, 1.0, 1.0, 1.0, 0.0, 1.0, 0.0, 0.0, 0.0, 0.0, 0.0, 0.0, 0.0, 0.0, 0.0, 0.0, 0.0, 0.0, 0.0, 0.0]","['EfficientNetV2S', 'MobileNetV2', 'NASNetLarge']"
0.1038245991690987,3,15,224,224,1.0,0.8041233577330908,3.8283867013792077,3.968445768971262,0.858059310913086,1.0,9,"[1.0, 1.0, 1.0, 1.0, 0.0, 1.0, 0.0, 0.0, 0.0, 0.0, 0.0, 0.0, 0.0, 0.0, 0.0, 0.0, 0.0, 0.0, 0.0, 0.0]","['EfficientNetV2S', 'MobileNetV2', 'NASNetLarge']"
0.1038245991690987,3,15,224,224,1.0,0.8383643261591592,3.833455103681544,3.938227812002442,0.9070468091964722,1.0,9,"[1.0, 1.0, 1.0, 1.0, 0.0, 1.0, 0.0, 0.0, 0.0, 0.0, 0.0, 0.0, 0.0, 0.0, 0.0, 0.0, 0.0, 0.0, 0.0, 0.0]","['EfficientNetV2S', 'MobileNetV2', 'NASNetLarge']"
0.1038245991690987,3,14,224,224,0.96,0.8496096082528432,3.817942716511593,3.867693379007314,0.9219864702224732,0.8061799739838869,5,"[1.0, 1.0, 1.0, 1.0, 0.0, 1.0, 0.0, 0.0, 0.0, 0.0, 0.0, 0.0, 0.0, 0.0, 0.0, 0.0, 0.0, 0.0, 0.0, 0.0]","['EfficientNetV2S', 'MobileNetV2', 'NASNetLarge']"
0.1038245991690987,3,14,224,224,0.84,0.702431900103887,3.8373053886529727,3.9646579622311675,0.8781591892242432,-0.8061799739838875,9,"[1.0, 1.0, 1.0, 1.0, 0.0, 1.0, 0.0, 0.0, 0.0, 0.0, 0.0, 0.0, 0.0, 0.0, 0.0, 0.0, 0.0, 0.0, 0.0, 0.0]","['EfficientNetV2S', 'MobileNetV2', 'NASNetLarge']"
0.11918822838519093,4,14,224,224,0.8,0.6923921635746957,3.827357858752094,3.884279440771747,0.859882847070694,-1.0,4,"[1.0, 1.0, 1.0, 1.0, 0.0, 1.0, 0.0, 0.0, 0.0, 0.0, 0.0, 0.0, 0.0, 0.0, 0.0, 0.0, 0.0, 0.0, 0.0, 0.0]","['EfficientNetV2S', 'MobileNetV2', 'NASNetLarge', 'ResNet50']"
0.11918822838519093,4,14,224,224,0.8,0.699164268374443,3.835220197501989,3.8645882327532877,0.8609899830818176,-1.0,1,"[1.0, 1.0, 1.0, 1.0, 0.0, 1.0, 0.0, 0.0, 0.0, 0.0, 0.0, 0.0, 0.0, 0.0, 0.0, 0.0, 0.0, 0.0, 0.0, 0.0]","['EfficientNetV2S', 'MobileNetV2', 'NASNetLarge', 'ResNet50']"
0.11693182852066734,3,14,224,224,1.0,0.8543314796686172,3.825493634770348,3.8651162965292243,0.9307428479194642,1.0,7,"[1.0, 1.0, 1.0, 1.0, 0.0, 1.0, 0.0, 0.0, 0.0, 0.0, 0.0, 0.0, 0.0, 0.0, 0.0, 0.0, 0.0, 0.0, 0.0, 0.0]","['EfficientNetV2S', 'NASNetLarge', 'ResNet50']"
0.10156819930457511,2,15,224,224,0.92,0.8009723544120788,3.8153996887591854,3.8637582355916718,0.8857163763046265,0.44715803134221954,9,"[1.0, 1.0, 1.0, 1.0, 0.0, 1.0, 0.0, 0.0, 0.0, 0.0, 0.0, 0.0, 0.0, 0.0, 0.0, 0.0, 0.0, 0.0, 0.0, 0.0]","['EfficientNetV2S', 'NASNetLarge']"
0.10156819930457511,2,33,224,224,0.92,0.7881709957122802,3.8288186033502876,3.858197487566533,0.8656311583518982,0.44715803134221954,3,"[1.0, 1.0, 1.0, 1.0, 0.0, 1.0, 0.0, 0.0, 0.0, 0.0, 0.0, 0.0, 0.0, 0.0, 0.0, 0.0, 0.0, 0.0, 0.0, 0.0]","['EfficientNetV2S', 'NASNetLarge']"
0.0193792868216096,1,15,224,224,0.92,0.8244830441474914,1.1569262409481293,1.1919562996631543,0.8713488721847534,0.44715803134221954,8,"[1.0, 1.0, 1.0, 1.0, 0.0, 1.0, 0.0, 0.0, 0.0, 0.0, 0.0, 0.0, 0.0, 0.0, 0.0, 0.0, 0.0, 0.0, 0.0, 0.0]",['EfficientNetV2S']
0.0193792868216096,1,15,224,224,0.92,0.817709743976593,1.1528796641878345,1.1784980601966908,0.8610082113742829,0.44715803134221954,9,"[1.0, 1.0, 1.0, 1.0, 0.0, 1.0, 0.0, 0.0, 0.0, 0.0, 0.0, 0.0, 0.0, 0.0, 0.0, 0.0, 0.0, 0.0, 0.0, 0.0]",['EfficientNetV2S']
0.0193792868216096,1,14,224,224,0.92,0.8176751589775085,1.1596781058705339,1.1945160921969673,0.8788063883781433,0.44715803134221954,9,"[1.0, 1.0, 1.0, 1.0, 0.0, 1.0, 0.0, 0.0, 0.0, 0.0, 0.0, 0.0, 0.0, 0.0, 0.0, 0.0, 0.0, 0.0, 0.0, 0.0]",['EfficientNetV2S']
0.0193792868216096,1,15,224,224,0.92,0.7935503935813903,1.1603313667631523,1.201637161746533,0.8371360456943512,0.44715803134221954,10,"[1.0, 1.0, 1.0, 1.0, 0.0, 1.0, 0.0, 0.0, 0.0, 0.0, 0.0, 0.0, 0.0, 0.0, 0.0, 0.0, 0.0, 0.0, 0.0, 0.0]",['EfficientNetV2S']
0.0193792868216096,1,14,224,224,1.0,0.8711789393424988,1.1552228227064236,1.18483633221916,0.8711789393424988,1.0,6,"[1.0, 1.0, 1.0, 1.0, 0.0, 1.0, 0.0, 0.0, 0.0, 0.0, 0.0, 0.0, 0.0, 0.0, 0.0, 0.0, 0.0, 0.0, 0.0, 0.0]",['EfficientNetV2S']
0.021635686686133172,2,15,224,224,1.0,0.757592790722847,1.1549803273627548,1.2347966520815719,0.8419997227191925,1.0,2,"[1.0, 1.0, 1.0, 1.0, 0.0, 1.0, 0.0, 0.0, 0.0, 0.0, 0.0, 0.0, 0.0, 0.0, 0.0, 0.0, 0.0, 0.0, 0.0, 0.0]","['EfficientNetV2S', 'MobileNetV2']"
0.021635686686133172,2,14,224,224,0.92,0.7719857257604599,1.1591559882433713,1.1965864168416778,0.8799834156036377,0.44715803134221954,1,"[1.0, 1.0, 1.0, 1.0, 0.0, 1.0, 0.0, 0.0, 0.0, 0.0, 0.0, 0.0, 0.0, 0.0, 0.0, 0.0, 0.0, 0.0, 0.0, 0.0]","['EfficientNetV2S', 'MobileNetV2']"
0.0193792868216096,1,14,224,224,0.88,0.7210850143432617,1.157080892565348,1.3069679859566599,0.7759825491905212,-0.44715803134221954,7,"[1.0, 1.0, 1.0, 1.0, 0.0, 1.0, 0.0, 0.0, 0.0, 0.0, 0.0, 0.0, 0.0, 0.0, 0.0, 0.0, 0.0, 0.0, 0.0, 0.0]",['EfficientNetV2S']
0.0193792868216096,1,14,224,224,0.96,0.8243125593662262,1.1610301495803055,1.1875214468673556,0.8243125593662262,0.8061799739838869,9,"[1.0, 1.0, 1.0, 1.0, 0.0, 1.0, 0.0, 0.0, 0.0, 0.0, 0.0, 0.0, 0.0, 0.0, 0.0, 0.0, 0.0, 0.0, 0.0, 0.0]",['EfficientNetV2S']
0.0193792868216096,1,15,224,224,0.96,0.8551489996910095,1.1574064732561902,1.1967835945646388,0.8714046752452851,0.8061799739838869,10,"[1.0, 1.0, 1.0, 1.0, 0.0, 1.0, 0.0, 0.0, 0.0, 0.0, 0.0, 0.0, 0.0, 0.0, 0.0, 0.0, 0.0, 0.0, 0.0, 0.0]",['EfficientNetV2S']
0.0193792868216096,1,15,224,224,0.88,0.7816504240036011,1.1588128340745685,1.1922422743539,0.8366032016277313,-0.44715803134221954,5,"[1.0, 1.0, 1.0, 1.0, 0.0, 1.0, 0.0, 0.0, 0.0, 0.0, 0.0, 0.0, 0.0, 0.0, 0.0, 0.0, 0.0, 0.0, 0.0, 0.0]",['EfficientNetV2S']
0.0193792868216096,1,14,224,224,1.0,0.8651162791252136,1.1727553669550888,1.3181289007863186,0.8651162791252136,1.0,7,"[1.0, 1.0, 1.0, 1.0, 0.0, 1.0, 0.0, 0.0, 0.0, 0.0, 0.0, 0.0, 0.0, 0.0, 0.0, 0.0, 0.0, 0.0, 0.0, 0.0]",['EfficientNetV2S']
0.0193792868216096,1,14,224,224,0.92,0.8142631626129151,1.1565662519549198,1.2041570859329198,0.8469797325134277,0.44715803134221954,1,"[1.0, 1.0, 1.0, 1.0, 0.0, 1.0, 0.0, 0.0, 0.0, 0.0, 0.0, 0.0, 0.0, 0.0, 0.0, 0.0, 0.0, 0.0, 0.0, 0.0]",['EfficientNetV2S']
0.034742916037701826,2,14,224,224,0.92,0.8066223859786987,1.156913301904066,1.1867989444607026,0.9007130885124206,0.44715803134221954,4,"[1.0, 1.0, 1.0, 1.0, 0.0, 1.0, 0.0, 0.0, 0.0, 0.0, 0.0, 0.0, 0.0, 0.0, 0.0, 0.0, 0.0, 0.0, 0.0, 0.0]","['EfficientNetV2S', 'ResNet50']"
0.034742916037701826,2,14,224,224,0.92,0.8226651561260223,1.1473662134764273,1.1782713246067933,0.9267566120624542,0.44715803134221954,7,"[1.0, 1.0, 1.0, 1.0, 0.0, 1.0, 0.0, 0.0, 0.0, 0.0, 0.0, 0.0, 0.0, 0.0, 0.0, 0.0, 0.0, 0.0, 0.0, 0.0]","['EfficientNetV2S', 'ResNet50']"
0.034742916037701826,2,13,224,224,0.92,0.7925527650117874,1.1517349678783513,1.1976188583472542,0.9085610127449035,0.44715803134221954,10,"[1.0, 1.0, 1.0, 1.0, 0.0, 1.0, 0.0, 0.0, 0.0, 0.0, 0.0, 0.0, 0.0, 0.0, 0.0, 0.0, 0.0, 0.0, 0.0, 0.0]","['EfficientNetV2S', 'ResNet50']"
0.015363629216092228,1,14,224,224,0.88,0.8258823227882385,0.4219226156508865,0.4537244188373168,0.8593594181537628,-0.44715803134221954,6,"[1.0, 1.0, 1.0, 1.0, 0.0, 1.0, 0.0, 0.0, 0.0, 0.0, 0.0, 0.0, 0.0, 0.0, 0.0, 0.0, 0.0, 0.0, 0.0, 0.0]",['ResNet50']
0.034742916037701826,2,15,224,224,0.8,0.6534206438064575,1.1626504963502788,1.268164074491998,0.7790159332752228,-1.0,1,"[1.0, 1.0, 1.0, 1.0, 0.0, 1.0, 0.0, 0.0, 0.0, 0.0, 0.0, 0.0, 0.0, 0.0, 0.0, 0.0, 0.0, 0.0, 0.0, 0.0]","['EfficientNetV2S', 'ResNet50']"
0.034742916037701826,2,14,224,224,0.84,0.7512789696455002,1.1498756747006387,1.2008458572663878,0.9318399500846862,-0.8061799739838875,5,"[1.0, 1.0, 1.0, 1.0, 0.0, 1.0, 0.0, 0.0, 0.0, 0.0, 0.0, 0.0, 0.0, 0.0, 0.0, 0.0, 0.0, 0.0, 0.0, 0.0]","['EfficientNetV2S', 'ResNet50']"
0.041816254654728255,3,14,224,224,1.0,0.8859129744768143,1.158561851315154,1.19999350070541,0.9609347558021546,1.0,0,"[1.0, 1.0, 1.0, 1.0, 0.0, 1.0, 0.0, 0.0, 0.0, 0.0, 0.0, 0.0, 0.0, 0.0, 0.0, 0.0, 0.0, 0.0, 0.0, 0.0]","['DenseNet121', 'EfficientNetV2S', 'ResNet50']"
0.02645262543863603,2,14,224,224,0.96,0.8327414125204087,1.1608329662954915,1.1932123025703878,0.9102654552459717,0.8061799739838869,9,"[1.0, 1.0, 1.0, 1.0, 0.0, 1.0, 0.0, 0.0, 0.0, 0.0, 0.0, 0.0, 0.0, 0.0, 0.0, 0.0, 0.0, 0.0, 0.0, 0.0]","['DenseNet121', 'EfficientNetV2S']"
0.10864153792160156,3,14,224,224,0.96,0.8487751483917236,3.8315539388275477,4.009016223923527,0.9313038492202759,0.8061799739838869,3,"[1.0, 1.0, 1.0, 1.0, 0.0, 1.0, 0.0, 0.0, 0.0, 0.0, 0.0, 0.0, 0.0, 0.0, 0.0, 0.0, 0.0, 0.0, 0.0, 0.0]","['DenseNet121', 'EfficientNetV2S', 'NASNetLarge']"
0.10864153792160156,3,15,224,224,0.96,0.8322797222932181,3.826825814990144,3.8858569923256097,0.9357598876953125,0.8061799739838869,7,"[1.0, 1.0, 1.0, 1.0, 0.0, 1.0, 0.0, 0.0, 0.0, 0.0, 0.0, 0.0, 0.0, 0.0, 0.0, 0.0, 0.0, 0.0, 0.0, 0.0]","['DenseNet121', 'EfficientNetV2S', 'NASNetLarge']"
0.10864153792160156,3,15,224,224,1.0,0.89903506954511,3.8300045955776447,3.9687115816611733,0.9495094847679139,1.0,7,"[1.0, 1.0, 1.0, 1.0, 0.0, 1.0, 0.0, 0.0, 0.0, 0.0, 0.0, 0.0, 0.0, 0.0, 0.0, 0.0, 0.0, 0.0, 0.0, 0.0]","['DenseNet121', 'EfficientNetV2S', 'NASNetLarge']"
0.10864153792160156,3,15,224,224,1.0,0.8590465180079141,3.8255573763238235,3.874044056436482,0.9292832922935486,1.0,9,"[1.0, 1.0, 1.0, 1.0, 0.0, 1.0, 0.0, 0.0, 0.0, 0.0, 0.0, 0.0, 0.0, 0.0, 0.0, 0.0, 0.0, 0.0, 0.0, 0.0]","['DenseNet121', 'EfficientNetV2S', 'NASNetLarge']"
0.02645262543863603,2,14,224,224,0.96,0.8399692738056183,1.1580185052582481,1.1932084036570199,0.9022823178768158,0.8061799739838869,8,"[1.0, 1.0, 1.0, 1.0, 0.0, 1.0, 0.0, 0.0, 0.0, 0.0, 0.0, 0.0, 0.0, 0.0, 0.0, 0.0, 0.0, 0.0, 0.0, 0.0]","['DenseNet121', 'EfficientNetV2S']"
0.0193792868216096,1,14,224,224,0.88,0.7987558960914611,1.1529525544480395,1.2019041354732105,0.8252216625213623,-0.44715803134221954,5,"[1.0, 1.0, 1.0, 1.0, 0.0, 1.0, 0.0, 0.0, 0.0, 0.0, 0.0, 0.0, 0.0, 0.0, 0.0, 0.0, 0.0, 0.0, 0.0, 0.0]",['EfficientNetV2S']
0.0193792868216096,1,15,224,224,0.88,0.7671614241600037,1.161307305236819,1.1981077186420241,0.8276780033111573,-0.44715803134221954,6,"[1.0, 1.0, 1.0, 1.0, 0.0, 1.0, 0.0, 0.0, 0.0, 0.0, 0.0, 0.0, 0.0, 0.0, 0.0, 0.0, 0.0, 0.0, 0.0, 0.0]",['EfficientNetV2S']
0.0193792868216096,1,15,224,224,0.92,0.825032172203064,1.1680190727438124,1.361988508868563,0.8786821579933166,0.44715803134221954,6,"[1.0, 1.0, 1.0, 1.0, 0.0, 1.0, 0.0, 0.0, 0.0, 0.0, 0.0, 0.0, 0.0, 0.0, 0.0, 0.0, 0.0, 0.0, 0.0, 0.0]",['EfficientNetV2S']
0.0193792868216096,1,15,224,224,0.88,0.765288028717041,1.1552815566906878,1.1973194658458521,0.8362915730476379,-0.44715803134221954,9,"[1.0, 1.0, 1.0, 1.0, 0.0, 1.0, 0.0, 0.0, 0.0, 0.0, 0.0, 0.0, 0.0, 0.0, 0.0, 0.0, 0.0, 0.0, 0.0, 0.0]",['EfficientNetV2S']
0.034742916037701826,2,14,224,224,0.96,0.8417824620008468,1.160262480944839,1.1904192556808835,0.8957920002937317,0.8061799739838869,4,"[1.0, 1.0, 1.0, 1.0, 0.0, 1.0, 0.0, 0.0, 0.0, 0.0, 0.0, 0.0, 0.0, 0.0, 0.0, 0.0, 0.0, 0.0, 0.0, 0.0]","['EfficientNetV2S', 'ResNet50']"
0.034742916037701826,2,14,224,224,0.92,0.8230207395553589,1.154854976758082,1.1953464227917432,0.9257538294792176,0.44715803134221954,5,"[1.0, 1.0, 1.0, 1.0, 0.0, 1.0, 0.0, 0.0, 0.0, 0.0, 0.0, 0.0, 0.0, 0.0, 0.0, 0.0, 0.0, 0.0, 0.0, 0.0]","['EfficientNetV2S', 'ResNet50']"
0.034742916037701826,2,12,224,224,0.96,0.8575893366336822,1.1518510687935377,1.1920589588785326,0.9334431052207947,0.8061799739838869,4,"[1.0, 1.0, 1.0, 1.0, 0.0, 1.0, 0.0, 0.0, 0.0, 0.0, 0.0, 0.0, 0.0, 0.0, 0.0, 0.0, 0.0, 0.0, 0.0, 0.0]","['EfficientNetV2S', 'ResNet50']"
0.11693182852066734,3,15,224,224,0.88,0.7855614268779756,3.827661717572081,3.861414562670212,0.9092882704734803,-0.44715803134221954,3,"[1.0, 1.0, 1.0, 1.0, 0.0, 1.0, 0.0, 0.0, 0.0, 0.0, 0.0, 0.0, 0.0, 0.0, 0.0, 0.0, 0.0, 0.0, 0.0, 0.0]","['EfficientNetV2S', 'NASNetLarge', 'ResNet50']"
0.10156819930457511,2,33,224,224,1.0,0.8692733806371689,3.8304055923508913,3.879566553622697,0.908085560798645,1.0,9,"[1.0, 1.0, 1.0, 1.0, 0.0, 1.0, 0.0, 0.0, 0.0, 0.0, 0.0, 0.0, 0.0, 0.0, 0.0, 0.0, 0.0, 0.0, 0.0, 0.0]","['EfficientNetV2S', 'NASNetLarge']"
0.10864153792160156,3,13,224,224,1.0,0.8497448060909906,3.823682480457316,3.883818280199422,0.9328839564323426,1.0,0,"[1.0, 1.0, 1.0, 1.0, 0.0, 1.0, 0.0, 0.0, 0.0, 0.0, 0.0, 0.0, 0.0, 0.0, 0.0, 0.0, 0.0, 0.0, 0.0, 0.0]","['DenseNet121', 'EfficientNetV2S', 'NASNetLarge']"
0.12400516713769379,4,14,224,224,0.92,0.7982896029949188,3.8290093335655087,3.856923572153938,0.8770019268989563,0.44715803134221954,4,"[1.0, 1.0, 1.0, 1.0, 0.0, 1.0, 0.0, 0.0, 0.0, 0.0, 0.0, 0.0, 0.0, 0.0, 0.0, 0.0, 0.0, 0.0, 0.0, 0.0]","['DenseNet121', 'EfficientNetV2S', 'NASNetLarge', 'ResNet50']"
0.12400516713769379,4,15,224,224,0.88,0.766654380261898,3.831934997377567,3.9345327262536114,0.9435115814208984,-0.44715803134221954,1,"[1.0, 1.0, 1.0, 1.0, 0.0, 1.0, 0.0, 0.0, 0.0, 0.0, 0.0, 0.0, 0.0, 0.0, 0.0, 0.0, 0.0, 0.0, 0.0, 0.0]","['DenseNet121', 'EfficientNetV2S', 'NASNetLarge', 'ResNet50']"
0.12400516713769379,4,15,224,224,0.92,0.7922852090001107,3.8324896236659196,3.870171062854746,0.8680669403076172,0.44715803134221954,7,"[1.0, 1.0, 1.0, 1.0, 0.0, 1.0, 0.0, 0.0, 0.0, 0.0, 0.0, 0.0, 0.0, 0.0, 0.0, 0.0, 0.0, 0.0, 0.0, 0.0]","['DenseNet121', 'EfficientNetV2S', 'NASNetLarge', 'ResNet50']"
0.12400516713769379,4,14,224,224,0.92,0.776687260766824,3.8306641228619047,3.9122291203752333,0.8132381296157837,0.44715803134221954,10,"[1.0, 1.0, 1.0, 1.0, 0.0, 1.0, 0.0, 0.0, 0.0, 0.0, 0.0, 0.0, 0.0, 0.0, 0.0, 0.0, 0.0, 0.0, 0.0, 0.0]","['DenseNet121', 'EfficientNetV2S', 'NASNetLarge', 'ResNet50']"
0.12400516713769379,4,15,224,224,0.88,0.7720416436592739,3.8330570805283157,3.888745396635096,0.9078327202796936,-0.44715803134221954,0,"[1.0, 1.0, 1.0, 1.0, 0.0, 1.0, 0.0, 0.0, 0.0, 0.0, 0.0, 0.0, 0.0, 0.0, 0.0, 0.0, 0.0, 0.0, 0.0, 0.0]","['DenseNet121', 'EfficientNetV2S', 'NASNetLarge', 'ResNet50']"
0.12400516713769379,4,15,224,224,0.96,0.84111737459898,3.8299339403225394,3.8617716213522755,0.9489448070526123,0.8061799739838869,4,"[1.0, 1.0, 1.0, 1.0, 0.0, 1.0, 0.0, 0.0, 0.0, 0.0, 0.0, 0.0, 0.0, 0.0, 0.0, 0.0, 0.0, 0.0, 0.0, 0.0]","['DenseNet121', 'EfficientNetV2S', 'NASNetLarge', 'ResNet50']"
0.12400516713769379,4,15,224,224,0.92,0.8052918607989946,3.831521310166808,3.850214113206534,0.9176094651222229,0.44715803134221954,1,"[1.0, 1.0, 1.0, 1.0, 0.0, 1.0, 0.0, 0.0, 0.0, 0.0, 0.0, 0.0, 0.0, 0.0, 0.0, 0.0, 0.0, 0.0, 0.0, 0.0]","['DenseNet121', 'EfficientNetV2S', 'NASNetLarge', 'ResNet50']"
0.12400516713769379,4,33,224,224,0.88,0.7647186389565468,3.823657598484439,3.858358625454997,0.9001357460021973,-0.44715803134221954,1,"[1.0, 1.0, 1.0, 1.0, 0.0, 1.0, 0.0, 0.0, 0.0, 0.0, 0.0, 0.0, 0.0, 0.0, 0.0, 0.0, 0.0, 0.0, 0.0, 0.0]","['DenseNet121', 'EfficientNetV2S', 'NASNetLarge', 'ResNet50']"
0.12626156700221736,5,15,224,224,0.88,0.7687027031183242,3.8358381366813123,3.89135849647911,0.9166142797470093,-0.44715803134221954,2,"[1.0, 1.0, 1.0, 1.0, 0.0, 1.0, 0.0, 0.0, 0.0, 0.0, 0.0, 0.0, 0.0, 0.0, 0.0, 0.0, 0.0, 0.0, 0.0, 0.0]","['DenseNet121', 'EfficientNetV2S', 'MobileNetV2', 'NASNetLarge', 'ResNet50']"
0.11089793778612513,4,15,224,224,0.96,0.8121237863103548,3.8310903094818354,3.8676851851139524,0.921022355556488,0.8061799739838869,9,"[1.0, 1.0, 1.0, 1.0, 0.0, 1.0, 0.0, 0.0, 0.0, 0.0, 0.0, 0.0, 0.0, 0.0, 0.0, 0.0, 0.0, 0.0, 0.0, 0.0]","['DenseNet121', 'EfficientNetV2S', 'MobileNetV2', 'NASNetLarge']"
0.11089793778612513,4,15,224,224,0.92,0.7770438937346139,3.8361915315541677,3.972328129417042,0.9190101242065429,0.44715803134221954,10,"[1.0, 1.0, 1.0, 1.0, 0.0, 1.0, 0.0, 0.0, 0.0, 0.0, 0.0, 0.0, 0.0, 0.0, 0.0, 0.0, 0.0, 0.0, 0.0, 0.0]","['DenseNet121', 'EfficientNetV2S', 'MobileNetV2', 'NASNetLarge']"
0.09151865096451553,3,14,224,224,0.96,0.7835111749172212,3.8307543346125335,3.941644681981326,0.8898052191734314,0.8061799739838869,6,"[1.0, 1.0, 1.0, 1.0, 0.0, 1.0, 0.0, 0.0, 0.0, 0.0, 0.0, 0.0, 0.0, 0.0, 0.0, 0.0, 0.0, 0.0, 0.0, 0.0]","['DenseNet121', 'MobileNetV2', 'NASNetLarge']"
0.09151865096451553,3,14,224,224,0.92,0.8260224390029908,3.827504329164567,3.8779293634471035,0.910846118927002,0.44715803134221954,9,"[1.0, 1.0, 1.0, 1.0, 0.0, 1.0, 0.0, 0.0, 0.0, 0.0, 0.0, 0.0, 0.0, 0.0, 0.0, 0.0, 0.0, 0.0, 0.0, 0.0]","['DenseNet121', 'MobileNetV2', 'NASNetLarge']"
0.009329738481550005,2,13,224,224,0.92,0.8104504787921906,0.3700324041010207,0.4011728585134642,0.9348166632652283,0.44715803134221954,8,"[1.0, 1.0, 1.0, 1.0, 0.0, 1.0, 0.0, 0.0, 0.0, 0.0, 0.0, 0.0, 0.0, 0.0, 0.0, 0.0, 0.0, 0.0, 0.0, 0.0]","['DenseNet121', 'MobileNetV2']"
0.009329738481550005,2,14,224,224,0.92,0.8030177134275437,0.3823385017355021,0.41477951841947935,0.8905874705314636,0.44715803134221954,10,"[1.0, 1.0, 1.0, 1.0, 0.0, 1.0, 0.0, 0.0, 0.0, 0.0, 0.0, 0.0, 0.0, 0.0, 0.0, 0.0, 0.0, 0.0, 0.0, 0.0]","['DenseNet121', 'MobileNetV2']"
0.009329738481550005,2,15,224,224,0.88,0.7395456689596176,0.3754809035531082,0.40115521338947707,0.8543062925338745,-0.44715803134221954,10,"[1.0, 1.0, 1.0, 1.0, 0.0, 1.0, 0.0, 0.0, 0.0, 0.0, 0.0, 0.0, 0.0, 0.0, 0.0, 0.0, 0.0, 0.0, 0.0, 0.0]","['DenseNet121', 'MobileNetV2']"
0.009329738481550005,2,15,224,224,0.92,0.7773203384876252,0.3791313422272821,0.39999231432243243,0.8980922305583954,0.44715803134221954,0,"[1.0, 1.0, 1.0, 1.0, 0.0, 1.0, 0.0, 0.0, 0.0, 0.0, 0.0, 0.0, 0.0, 0.0, 0.0, 0.0, 0.0, 0.0, 0.0, 0.0]","['DenseNet121', 'MobileNetV2']"
0.024693367697642233,3,15,224,224,0.76,0.593687871893247,0.42188195420916785,0.45227211286115115,0.8651336050033569,-1.1335389083702174,4,"[1.0, 1.0, 1.0, 1.0, 0.0, 1.0, 0.0, 0.0, 0.0, 0.0, 0.0, 0.0, 0.0, 0.0, 0.0, 0.0, 0.0, 0.0, 0.0, 0.0]","['DenseNet121', 'MobileNetV2', 'ResNet50']"
0.10688228018060776,4,14,224,224,0.88,0.7531587010622025,3.821756933725083,3.8765074099056127,0.8092500793933869,-0.44715803134221954,3,"[1.0, 1.0, 1.0, 1.0, 0.0, 1.0, 0.0, 0.0, 0.0, 0.0, 0.0, 0.0, 0.0, 0.0, 0.0, 0.0, 0.0, 0.0, 0.0, 0.0]","['DenseNet121', 'MobileNetV2', 'NASNetLarge', 'ResNet50']"
0.09151865096451553,3,14,224,224,0.96,0.8272140653928121,3.8229589756749975,3.8579240926858636,0.9313218688964844,0.8061799739838869,9,"[1.0, 1.0, 1.0, 1.0, 0.0, 1.0, 0.0, 0.0, 0.0, 0.0, 0.0, 0.0, 0.0, 0.0, 0.0, 0.0, 0.0, 0.0, 0.0, 0.0]","['DenseNet121', 'MobileNetV2', 'NASNetLarge']"
0.09151865096451553,3,14,224,224,0.88,0.737028005917867,3.827885440254267,3.8684556791621962,0.882594313621521,-0.44715803134221954,9,"[1.0, 1.0, 1.0, 1.0, 0.0, 1.0, 0.0, 0.0, 0.0, 0.0, 0.0, 0.0, 0.0, 0.0, 0.0, 0.0, 0.0, 0.0, 0.0, 0.0]","['DenseNet121', 'MobileNetV2', 'NASNetLarge']"
0.11089793778612513,4,15,224,224,0.92,0.7713767566283545,3.825255223738011,3.890544315410838,0.9032790112495422,0.44715803134221954,1,"[1.0, 1.0, 1.0, 1.0, 0.0, 1.0, 0.0, 0.0, 0.0, 0.0, 0.0, 0.0, 0.0, 0.0, 0.0, 0.0, 0.0, 0.0, 0.0, 0.0]","['DenseNet121', 'EfficientNetV2S', 'MobileNetV2', 'NASNetLarge']"
0.09151865096451553,3,14,224,224,0.88,0.7639487630128862,3.820738207311375,3.862748158273995,0.8942079353332519,-0.44715803134221954,6,"[1.0, 1.0, 1.0, 1.0, 0.0, 1.0, 0.0, 0.0, 0.0, 0.0, 0.0, 0.0, 0.0, 0.0, 0.0, 0.0, 0.0, 0.0, 0.0, 0.0]","['DenseNet121', 'MobileNetV2', 'NASNetLarge']"
0.09151865096451553,3,15,224,224,0.96,0.8043321337302527,3.8302467028043656,3.863950228209121,0.8930231952667236,0.8061799739838869,3,"[1.0, 1.0, 1.0, 1.0, 0.0, 1.0, 0.0, 0.0, 0.0, 0.0, 0.0, 0.0, 0.0, 0.0, 0.0, 0.0, 0.0, 0.0, 0.0, 0.0]","['DenseNet121', 'MobileNetV2', 'NASNetLarge']"
0.10688228018060776,4,15,224,224,0.88,0.7804270355900129,3.8265861488428583,3.9107097908140163,0.952934808731079,-0.44715803134221954,4,"[1.0, 1.0, 1.0, 1.0, 0.0, 1.0, 0.0, 0.0, 0.0, 0.0, 0.0, 0.0, 0.0, 0.0, 0.0, 0.0, 0.0, 0.0, 0.0, 0.0]","['DenseNet121', 'MobileNetV2', 'NASNetLarge', 'ResNet50']"
0.10688228018060776,4,14,224,224,0.92,0.7906081241369247,3.8155964047736655,3.862267809495123,0.9330565142631531,0.44715803134221954,3,"[1.0, 1.0, 1.0, 1.0, 0.0, 1.0, 0.0, 0.0, 0.0, 0.0, 0.0, 0.0, 0.0, 0.0, 0.0, 0.0, 0.0, 0.0, 0.0, 0.0]","['DenseNet121', 'MobileNetV2', 'NASNetLarge', 'ResNet50']"
0.10688228018060776,4,13,224,224,0.92,0.8237390741705894,3.8285397126184115,3.880418098062123,0.9205804705619812,0.44715803134221954,2,"[1.0, 1.0, 1.0, 1.0, 0.0, 1.0, 0.0, 0.0, 0.0, 0.0, 0.0, 0.0, 0.0, 0.0, 0.0, 0.0, 0.0, 0.0, 0.0, 0.0]","['DenseNet121', 'MobileNetV2', 'NASNetLarge', 'ResNet50']"
0.09151865096451553,3,13,224,224,0.92,0.7709866040945053,3.8188184002970385,3.8546653778317506,0.9249767053127289,0.44715803134221954,9,"[1.0, 1.0, 1.0, 1.0, 0.0, 1.0, 0.0, 0.0, 0.0, 0.0, 0.0, 0.0, 0.0, 0.0, 0.0, 0.0, 0.0, 0.0, 0.0, 0.0]","['DenseNet121', 'MobileNetV2', 'NASNetLarge']"
0.09151865096451553,3,15,224,224,0.88,0.7300858640670777,3.8234217712994183,3.875246848399968,0.8745553994178772,-0.44715803134221954,9,"[1.0, 1.0, 1.0, 1.0, 0.0, 1.0, 0.0, 0.0, 0.0, 0.0, 0.0, 0.0, 0.0, 0.0, 0.0, 0.0, 0.0, 0.0, 0.0, 0.0]","['DenseNet121', 'MobileNetV2', 'NASNetLarge']"
0.10688228018060776,4,15,224,224,0.72,0.6014097225666046,3.8317507151834223,3.8683176242777937,0.8860804104804992,-1.235528446907549,4,"[1.0, 1.0, 1.0, 1.0, 0.0, 1.0, 0.0, 0.0, 0.0, 0.0, 0.0, 0.0, 0.0, 0.0, 0.0, 0.0, 0.0, 0.0, 0.0, 0.0]","['DenseNet121', 'MobileNetV2', 'NASNetLarge', 'ResNet50']"
0.10688228018060776,4,15,224,224,0.92,0.775866443614165,3.8286560731642614,3.871350332130548,0.8700818634033203,0.44715803134221954,0,"[1.0, 1.0, 1.0, 1.0, 0.0, 1.0, 0.0, 0.0, 0.0, 0.0, 0.0, 0.0, 0.0, 0.0, 0.0, 0.0, 0.0, 0.0, 0.0, 0.0]","['DenseNet121', 'MobileNetV2', 'NASNetLarge', 'ResNet50']"
0.10688228018060776,4,14,224,224,0.88,0.7646746130784352,3.8218532576425974,3.905920424974336,0.9423119974136352,-0.44715803134221954,4,"[1.0, 1.0, 1.0, 1.0, 0.0, 1.0, 0.0, 0.0, 0.0, 0.0, 0.0, 0.0, 0.0, 0.0, 0.0, 0.0, 0.0, 0.0, 0.0, 0.0]","['DenseNet121', 'MobileNetV2', 'NASNetLarge', 'ResNet50']"
0.09980894156358132,3,14,224,224,0.88,0.7167438715696335,3.8258526154438526,3.876152606674658,0.8969472432136536,-0.44715803134221954,5,"[1.0, 1.0, 1.0, 1.0, 0.0, 1.0, 0.0, 0.0, 0.0, 0.0, 0.0, 0.0, 0.0, 0.0, 0.0, 0.0, 0.0, 0.0, 0.0, 0.0]","['MobileNetV2', 'NASNetLarge', 'ResNet50']"
0.09980894156358132,3,14,224,224,0.92,0.7634857416152954,3.8259529182776335,3.869713546414731,0.9141692066192627,0.44715803134221954,4,"[1.0, 1.0, 1.0, 1.0, 0.0, 1.0, 0.0, 0.0, 0.0, 0.0, 0.0, 0.0, 0.0, 0.0, 0.0, 0.0, 0.0, 0.0, 0.0, 0.0]","['MobileNetV2', 'NASNetLarge', 'ResNet50']"
0.11918822838519093,4,14,224,224,0.84,0.7081125945846238,3.828261220503291,3.8614782456881587,0.9162964272499085,-0.8061799739838875,1,"[1.0, 1.0, 1.0, 1.0, 0.0, 1.0, 0.0, 0.0, 0.0, 0.0, 0.0, 0.0, 0.0, 0.0, 0.0, 0.0, 0.0, 0.0, 0.0, 0.0]","['EfficientNetV2S', 'MobileNetV2', 'NASNetLarge', 'ResNet50']"
0.11918822838519093,4,14,224,224,0.88,0.779266514380773,3.8240844898875217,3.8658638913729355,0.8949665999412537,-0.44715803134221954,5,"[1.0, 1.0, 1.0, 1.0, 0.0, 1.0, 0.0, 0.0, 0.0, 0.0, 0.0, 0.0, 0.0, 0.0, 0.0, 0.0, 0.0, 0.0, 0.0, 0.0]","['EfficientNetV2S', 'MobileNetV2', 'NASNetLarge', 'ResNet50']"
0.11918822838519093,4,13,224,224,0.92,0.7899288537104926,3.8296065606220804,3.9139771323282666,0.9219428610801697,0.44715803134221954,1,"[1.0, 1.0, 1.0, 1.0, 0.0, 1.0, 0.0, 0.0, 0.0, 0.0, 0.0, 0.0, 0.0, 0.0, 0.0, 0.0, 0.0, 0.0, 0.0, 0.0]","['EfficientNetV2S', 'MobileNetV2', 'NASNetLarge', 'ResNet50']"
0.11918822838519093,4,14,224,224,0.76,0.6270549051960309,3.8335878614427745,3.8815719644010236,0.8429197061061859,-1.1335389083702174,1,"[1.0, 1.0, 1.0, 1.0, 0.0, 1.0, 0.0, 0.0, 0.0, 0.0, 0.0, 0.0, 0.0, 0.0, 0.0, 0.0, 0.0, 0.0, 0.0, 0.0]","['EfficientNetV2S', 'MobileNetV2', 'NASNetLarge', 'ResNet50']"
0.09980894156358132,3,14,224,224,0.84,0.7378001276652019,3.8250366979864894,3.890758671230523,0.9246981239318848,-0.8061799739838875,6,"[1.0, 1.0, 1.0, 1.0, 0.0, 1.0, 0.0, 0.0, 0.0, 0.0, 0.0, 0.0, 0.0, 0.0, 0.0, 0.0, 0.0, 0.0, 0.0, 0.0]","['MobileNetV2', 'NASNetLarge', 'ResNet50']"
0.08444531234748909,2,13,224,224,0.88,0.7379156869649887,3.8218640953420215,3.849389678970536,0.8585294163227082,-0.44715803134221954,9,"[1.0, 1.0, 1.0, 1.0, 0.0, 1.0, 0.0, 0.0, 0.0, 0.0, 0.0, 0.0, 0.0, 0.0, 0.0, 0.0, 0.0, 0.0, 0.0, 0.0]","['MobileNetV2', 'NASNetLarge']"
0.08444531234748909,2,15,224,224,0.92,0.7832074266672134,3.831388508047435,3.8889627631533172,0.8811366152763367,0.44715803134221954,5,"[1.0, 1.0, 1.0, 1.0, 0.0, 1.0, 0.0, 0.0, 0.0, 0.0, 0.0, 0.0, 0.0, 0.0, 0.0, 0.0, 0.0, 0.0, 0.0, 0.0]","['MobileNetV2', 'NASNetLarge']"
0.08218891248296552,1,15,224,224,0.88,0.7582613801956177,3.835020363325784,3.8737292794327325,0.8473770213127136,-0.44715803134221954,7,"[1.0, 1.0, 1.0, 1.0, 0.0, 1.0, 0.0, 0.0, 0.0, 0.0, 0.0, 0.0, 0.0, 0.0, 0.0, 0.0, 0.0, 0.0, 0.0, 0.0]",['NASNetLarge']
0.08926225109999195,2,15,224,224,0.92,0.8049050331115722,3.839662140716421,3.878714500503199,0.9165592288970947,0.44715803134221954,0,"[1.0, 1.0, 1.0, 1.0, 0.0, 1.0, 0.0, 0.0, 0.0, 0.0, 0.0, 0.0, 0.0, 0.0, 0.0, 0.0, 0.0, 0.0, 0.0, 0.0]","['DenseNet121', 'NASNetLarge']"
0.08926225109999195,2,14,224,224,0.92,0.7822760874032975,3.8317440739550084,3.8921367961223257,0.894005343914032,0.44715803134221954,6,"[1.0, 1.0, 1.0, 1.0, 0.0, 1.0, 0.0, 0.0, 0.0, 0.0, 0.0, 0.0, 0.0, 0.0, 0.0, 0.0, 0.0, 0.0, 0.0, 0.0]","['DenseNet121', 'NASNetLarge']"
0.00707333861702643,1,14,224,224,0.92,0.8081004214286804,0.3808879435150596,0.4121176674801381,0.8486369800567627,0.44715803134221954,8,"[1.0, 1.0, 1.0, 1.0, 0.0, 1.0, 0.0, 0.0, 0.0, 0.0, 0.0, 0.0, 0.0, 0.0, 0.0, 0.0, 0.0, 0.0, 0.0, 0.0]",['DenseNet121']
0.08926225109999195,2,15,224,224,0.88,0.7188701695203781,3.826499769923592,3.8784753319516105,0.8907010388374329,-0.44715803134221954,3,"[1.0, 1.0, 1.0, 1.0, 0.0, 1.0, 0.0, 0.0, 0.0, 0.0, 0.0, 0.0, 0.0, 0.0, 0.0, 0.0, 0.0, 0.0, 0.0, 0.0]","['DenseNet121', 'NASNetLarge']"
0.09151865096451553,3,14,224,224,0.84,0.7250203883647919,3.828036400317876,3.865594848829572,0.8863438963890076,-0.8061799739838875,2,"[1.0, 1.0, 1.0, 1.0, 0.0, 1.0, 0.0, 0.0, 0.0, 0.0, 0.0, 0.0, 0.0, 0.0, 0.0, 0.0, 0.0, 0.0, 0.0, 0.0]","['DenseNet121', 'MobileNetV2', 'NASNetLarge']"
0.09151865096451553,3,15,224,224,0.92,0.7619487688938777,3.822376275681062,3.856346023114511,0.8549375987052917,0.44715803134221954,3,"[1.0, 1.0, 1.0, 1.0, 0.0, 1.0, 0.0, 0.0, 0.0, 0.0, 0.0, 0.0, 0.0, 0.0, 0.0, 0.0, 0.0, 0.0, 0.0, 0.0]","['DenseNet121', 'MobileNetV2', 'NASNetLarge']"
0.08926225109999195,2,14,224,224,0.96,0.84810467004776,3.8332077974752248,3.9001205050821333,0.9462088751792908,0.8061799739838869,7,"[1.0, 1.0, 1.0, 1.0, 0.0, 1.0, 0.0, 0.0, 0.0, 0.0, 0.0, 0.0, 0.0, 0.0, 0.0, 0.0, 0.0, 0.0, 0.0, 0.0]","['DenseNet121', 'NASNetLarge']"
0.08926225109999195,2,15,224,224,0.88,0.8047936934232712,3.8367334192433646,3.9130732830215766,0.9410932970046997,-0.44715803134221954,9,"[1.0, 1.0, 1.0, 1.0, 0.0, 1.0, 0.0, 0.0, 0.0, 0.0, 0.0, 0.0, 0.0, 0.0, 0.0, 0.0, 0.0, 0.0, 0.0, 0.0]","['DenseNet121', 'NASNetLarge']"
0.10864153792160156,3,14,224,224,0.84,0.732248305082321,3.8211194755115967,3.889243614048487,0.9039575386047364,-0.8061799739838875,1,"[1.0, 1.0, 1.0, 1.0, 0.0, 1.0, 0.0, 0.0, 0.0, 0.0, 0.0, 0.0, 0.0, 0.0, 0.0, 0.0, 0.0, 0.0, 0.0, 0.0]","['DenseNet121', 'EfficientNetV2S', 'NASNetLarge']"
0.10864153792160156,3,14,224,224,0.92,0.8153136708339055,3.83119714190471,3.8805159898362653,0.9013474416732788,0.44715803134221954,9,"[1.0, 1.0, 1.0, 1.0, 0.0, 1.0, 0.0, 0.0, 0.0, 0.0, 0.0, 0.0, 0.0, 0.0, 0.0, 0.0, 0.0, 0.0, 0.0, 0.0]","['DenseNet121', 'EfficientNetV2S', 'NASNetLarge']"
0.10864153792160156,3,14,224,224,0.92,0.8103939274946849,3.830903268059151,3.869855585923539,0.8982964611053467,0.44715803134221954,9,"[1.0, 1.0, 1.0, 1.0, 0.0, 1.0, 0.0, 0.0, 0.0, 0.0, 0.0, 0.0, 0.0, 0.0, 0.0, 0.0, 0.0, 0.0, 0.0, 0.0]","['DenseNet121', 'EfficientNetV2S', 'NASNetLarge']"
0.12400516713769379,4,15,224,224,0.96,0.8418664833903313,3.830249232327786,3.859751275014721,0.9508404207229614,0.8061799739838869,4,"[1.0, 1.0, 1.0, 1.0, 0.0, 1.0, 0.0, 0.0, 0.0, 0.0, 0.0, 0.0, 0.0, 0.0, 0.0, 0.0, 0.0, 0.0, 0.0, 0.0]","['DenseNet121', 'EfficientNetV2S', 'NASNetLarge', 'ResNet50']"
0.12400516713769379,4,13,224,224,0.92,0.8171205033858616,3.830461791303374,3.8606213180751525,0.9455021572113037,0.44715803134221954,10,"[1.0, 1.0, 1.0, 1.0, 0.0, 1.0, 0.0, 0.0, 0.0, 0.0, 0.0, 0.0, 0.0, 0.0, 0.0, 0.0, 0.0, 0.0, 0.0, 0.0]","['DenseNet121', 'EfficientNetV2S', 'NASNetLarge', 'ResNet50']"
0.11693182852066734,3,14,224,224,0.84,0.7358006131649016,3.825995380952794,3.863145723016719,0.9198100185394287,-0.8061799739838875,5,"[1.0, 1.0, 1.0, 1.0, 0.0, 1.0, 0.0, 0.0, 0.0, 0.0, 0.0, 0.0, 0.0, 0.0, 0.0, 0.0, 0.0, 0.0, 0.0, 0.0]","['EfficientNetV2S', 'NASNetLarge', 'ResNet50']"
0.11693182852066734,3,13,224,224,0.92,0.7874298355976741,3.826835912985503,3.8686683706364677,0.8640353512763977,0.44715803134221954,1,"[1.0, 1.0, 1.0, 1.0, 0.0, 1.0, 0.0, 0.0, 0.0, 0.0, 0.0, 0.0, 0.0, 0.0, 0.0, 0.0, 0.0, 0.0, 0.0, 0.0]","['EfficientNetV2S', 'NASNetLarge', 'ResNet50']"
0.11693182852066734,3,15,224,224,0.96,0.8369555232922237,3.8223289822581923,3.8587593696234572,0.9008988285064697,0.8061799739838869,7,"[1.0, 1.0, 1.0, 1.0, 0.0, 1.0, 0.0, 0.0, 0.0, 0.0, 0.0, 0.0, 0.0, 0.0, 0.0, 0.0, 0.0, 0.0, 0.0, 0.0]","['EfficientNetV2S', 'NASNetLarge', 'ResNet50']"
0.09755254169905775,2,14,224,224,0.92,0.8013897836208344,3.8348767622259765,3.8901168282532286,0.9068971967697144,0.44715803134221954,6,"[1.0, 1.0, 1.0, 1.0, 0.0, 1.0, 0.0, 0.0, 0.0, 0.0, 0.0, 0.0, 0.0, 0.0, 0.0, 0.0, 0.0, 0.0, 0.0, 0.0]","['NASNetLarge', 'ResNet50']"
0.11693182852066734,3,15,224,224,0.88,0.753863446911176,3.8239378466235974,3.8729540755617937,0.9079974007606506,-0.44715803134221954,1,"[1.0, 1.0, 1.0, 1.0, 0.0, 1.0, 0.0, 0.0, 0.0, 0.0, 0.0, 0.0, 0.0, 0.0, 0.0, 0.0, 0.0, 0.0, 0.0, 0.0]","['EfficientNetV2S', 'NASNetLarge', 'ResNet50']"
0.11693182852066734,3,33,224,224,0.92,0.776342041492462,3.834215240586467,3.9547815591194624,0.8922729372978211,0.44715803134221954,5,"[1.0, 1.0, 1.0, 1.0, 0.0, 1.0, 0.0, 0.0, 0.0, 0.0, 0.0, 0.0, 0.0, 0.0, 0.0, 0.0, 0.0, 0.0, 0.0, 0.0]","['EfficientNetV2S', 'NASNetLarge', 'ResNet50']"
0.11693182852066734,3,15,224,224,1.0,0.8760205789407094,3.827814510937927,3.8821331285060325,0.9435922765731811,1.0,5,"[1.0, 1.0, 1.0, 1.0, 0.0, 1.0, 0.0, 0.0, 0.0, 0.0, 0.0, 0.0, 0.0, 0.0, 0.0, 0.0, 0.0, 0.0, 0.0, 0.0]","['EfficientNetV2S', 'NASNetLarge', 'ResNet50']"
0.11693182852066734,3,15,224,224,0.96,0.8180689495801926,3.8290853857158673,3.887536817303775,0.8912861728668213,0.8061799739838869,3,"[1.0, 1.0, 1.0, 1.0, 0.0, 1.0, 0.0, 0.0, 0.0, 0.0, 0.0, 0.0, 0.0, 0.0, 0.0, 0.0, 0.0, 0.0, 0.0, 0.0]","['EfficientNetV2S', 'NASNetLarge', 'ResNet50']"
0.11693182852066734,3,14,224,224,0.88,0.7593506936232249,3.829034354176736,3.9095566112643017,0.8743967890739441,-0.44715803134221954,7,"[1.0, 1.0, 1.0, 1.0, 0.0, 1.0, 0.0, 0.0, 0.0, 0.0, 0.0, 0.0, 0.0, 0.0, 0.0, 0.0, 0.0, 0.0, 0.0, 0.0]","['EfficientNetV2S', 'NASNetLarge', 'ResNet50']"
0.11693182852066734,3,15,224,224,0.92,0.7842969258626301,3.828366914939689,3.882989082158222,0.9345733118057251,0.44715803134221954,7,"[1.0, 1.0, 1.0, 1.0, 0.0, 1.0, 0.0, 0.0, 0.0, 0.0, 0.0, 0.0, 0.0, 0.0, 0.0, 0.0, 0.0, 0.0, 0.0, 0.0]","['EfficientNetV2S', 'NASNetLarge', 'ResNet50']"
0.034742916037701826,2,15,224,224,0.88,0.7705737799406052,1.164805642085076,1.3380162023400606,0.9050903248786927,-0.44715803134221954,8,"[1.0, 1.0, 1.0, 1.0, 0.0, 1.0, 0.0, 0.0, 0.0, 0.0, 0.0, 0.0, 0.0, 0.0, 0.0, 0.0, 0.0, 0.0, 0.0, 0.0]","['EfficientNetV2S', 'ResNet50']"
0.11693182852066734,3,15,224,224,1.0,0.8793852923313775,3.8282742070056064,3.8534621270329126,0.9314361000061036,1.0,3,"[1.0, 1.0, 1.0, 1.0, 0.0, 1.0, 0.0, 0.0, 0.0, 0.0, 0.0, 0.0, 0.0, 0.0, 0.0, 0.0, 0.0, 0.0, 0.0, 0.0]","['EfficientNetV2S', 'NASNetLarge', 'ResNet50']"
0.11693182852066734,3,15,224,224,0.88,0.7679574714104335,3.827452687343822,3.9131217370893947,0.8418260264396668,-0.44715803134221954,5,"[1.0, 1.0, 1.0, 1.0, 0.0, 1.0, 0.0, 0.0, 0.0, 0.0, 0.0, 0.0, 0.0, 0.0, 0.0, 0.0, 0.0, 0.0, 0.0, 0.0]","['EfficientNetV2S', 'NASNetLarge', 'ResNet50']"
0.11693182852066734,3,14,224,224,0.88,0.7908700978755951,3.8403571117114588,3.886125742253136,0.8946696901321411,-0.44715803134221954,7,"[1.0, 1.0, 1.0, 1.0, 0.0, 1.0, 0.0, 0.0, 0.0, 0.0, 0.0, 0.0, 0.0, 0.0, 0.0, 0.0, 0.0, 0.0, 0.0, 0.0]","['EfficientNetV2S', 'NASNetLarge', 'ResNet50']"
0.12400516713769379,4,14,224,224,0.92,0.7961904108524323,3.8303694930183756,3.863615477882507,0.8861944460868836,0.44715803134221954,0,"[1.0, 1.0, 1.0, 1.0, 0.0, 1.0, 0.0, 0.0, 0.0, 0.0, 0.0, 0.0, 0.0, 0.0, 0.0, 0.0, 0.0, 0.0, 0.0, 0.0]","['DenseNet121', 'EfficientNetV2S', 'NASNetLarge', 'ResNet50']"
0.12400516713769379,4,14,224,224,0.88,0.7803091932336489,3.8280710618314333,3.8777139472980044,0.9078772377967834,-0.44715803134221954,3,"[1.0, 1.0, 1.0, 1.0, 0.0, 1.0, 0.0, 0.0, 0.0, 0.0, 0.0, 0.0, 0.0, 0.0, 0.0, 0.0, 0.0, 0.0, 0.0, 0.0]","['DenseNet121', 'EfficientNetV2S', 'NASNetLarge', 'ResNet50']"
0.041816254654728255,3,14,224,224,0.92,0.7856702552239101,1.1670533399470329,1.2117872888433827,0.8875118041038513,0.44715803134221954,8,"[1.0, 1.0, 1.0, 1.0, 0.0, 1.0, 0.0, 0.0, 0.0, 0.0, 0.0, 0.0, 0.0, 0.0, 0.0, 0.0, 0.0, 0.0, 0.0, 0.0]","['DenseNet121', 'EfficientNetV2S', 'ResNet50']"
0.02243696783311866,2,33,224,224,0.8,0.7352090805768967,0.4297005986392344,0.5801472028137021,0.9173009777069092,-1.0,6,"[1.0, 1.0, 1.0, 1.0, 0.0, 1.0, 0.0, 0.0, 0.0, 0.0, 0.0, 0.0, 0.0, 0.0, 0.0, 0.0, 0.0, 0.0, 0.0, 0.0]","['DenseNet121', 'ResNet50']"
0.02243696783311866,2,15,224,224,0.96,0.8580267864465714,0.43224430920026746,0.5684597541469717,0.9206173777580261,0.8061799739838869,6,"[1.0, 1.0, 1.0, 1.0, 0.0, 1.0, 0.0, 0.0, 0.0, 0.0, 0.0, 0.0, 0.0, 0.0, 0.0, 0.0, 0.0, 0.0, 0.0, 0.0]","['DenseNet121', 'ResNet50']"
0.00707333861702643,1,15,224,224,0.8,0.6813621211051941,0.38183970550390667,0.40131013979687413,0.7814556062221527,-1.0,9,"[1.0, 1.0, 1.0, 1.0, 0.0, 1.0, 0.0, 0.0, 0.0, 0.0, 0.0, 0.0, 0.0, 0.0, 0.0, 0.0, 0.0, 0.0, 0.0, 0.0]",['DenseNet121']
0.02645262543863603,2,15,224,224,0.92,0.8178383761644363,1.15219492423712,1.1779343056374052,0.8878368067741395,0.44715803134221954,1,"[1.0, 1.0, 1.0, 1.0, 0.0, 1.0, 0.0, 0.0, 0.0, 0.0, 0.0, 0.0, 0.0, 0.0, 0.0, 0.0, 0.0, 0.0, 0.0, 0.0]","['DenseNet121', 'EfficientNetV2S']"
0.02645262543863603,2,13,224,224,0.92,0.7900752788782119,1.1553567659974444,1.2006302536524214,0.873566575050354,0.44715803134221954,9,"[1.0, 1.0, 1.0, 1.0, 0.0, 1.0, 0.0, 0.0, 0.0, 0.0, 0.0, 0.0, 0.0, 0.0, 0.0, 0.0, 0.0, 0.0, 0.0, 0.0]","['DenseNet121', 'EfficientNetV2S']"
0.00707333861702643,1,15,224,224,0.84,0.7716326189041137,0.37777798527763223,0.4090422289108245,0.8496712446212769,-0.8061799739838875,6,"[1.0, 1.0, 1.0, 1.0, 0.0, 1.0, 0.0, 0.0, 0.0, 0.0, 0.0, 0.0, 0.0, 0.0, 0.0, 0.0, 0.0, 0.0, 0.0, 0.0]",['DenseNet121']
0.00707333861702643,1,14,224,224,0.8,0.6846564519405365,0.38258490094520703,0.4913422513043279,0.8074146318435669,-1.0,7,"[1.0, 1.0, 1.0, 1.0, 0.0, 1.0, 0.0, 0.0, 0.0, 0.0, 0.0, 0.0, 0.0, 0.0, 0.0, 0.0, 0.0, 0.0, 0.0, 0.0]",['DenseNet121']
0.009329738481550005,2,14,224,224,0.88,0.6714360964298248,0.3901630755916996,0.4809536173903024,0.8009283685684204,-0.44715803134221954,2,"[1.0, 1.0, 1.0, 1.0, 0.0, 1.0, 0.0, 0.0, 0.0, 0.0, 0.0, 0.0, 0.0, 0.0, 0.0, 0.0, 0.0, 0.0, 0.0, 0.0]","['DenseNet121', 'MobileNetV2']"
0.009329738481550005,2,15,224,224,0.64,0.5732817256450653,0.3785341685311494,0.40531478141768656,0.8220927894115448,-1.3873898263387294,9,"[1.0, 1.0, 1.0, 1.0, 0.0, 1.0, 0.0, 0.0, 0.0, 0.0, 0.0, 0.0, 0.0, 0.0, 0.0, 0.0, 0.0, 0.0, 0.0, 0.0]","['DenseNet121', 'MobileNetV2']"
0.00707333861702643,1,14,224,224,0.88,0.8385184073448181,0.3853401466904065,0.4398000301332601,0.9276421761512756,-0.44715803134221954,7,"[1.0, 1.0, 1.0, 1.0, 0.0, 1.0, 0.0, 0.0, 0.0, 0.0, 0.0, 0.0, 0.0, 0.0, 0.0, 0.0, 0.0, 0.0, 0.0, 0.0]",['DenseNet121']
0.00707333861702643,1,15,224,224,0.84,0.6760130786895752,0.38043328859423586,0.4000568132975458,0.754879025220871,-0.8061799739838875,7,"[1.0, 1.0, 1.0, 1.0, 0.0, 1.0, 0.0, 0.0, 0.0, 0.0, 0.0, 0.0, 0.0, 0.0, 0.0, 0.0, 0.0, 0.0, 0.0, 0.0]",['DenseNet121']
0.02645262543863603,2,14,224,224,0.92,0.8151606154441834,1.1607580251547303,1.247953007129889,0.8717714095115662,0.44715803134221954,1,"[1.0, 1.0, 1.0, 1.0, 0.0, 1.0, 0.0, 0.0, 0.0, 0.0, 0.0, 0.0, 0.0, 0.0, 0.0, 0.0, 0.0, 0.0, 0.0, 0.0]","['DenseNet121', 'EfficientNetV2S']"
0.00707333861702643,1,15,224,224,0.8,0.712215826511383,0.37493243121568837,0.4119606240492947,0.7609131038188934,-1.0,6,"[1.0, 1.0, 1.0, 1.0, 0.0, 1.0, 0.0, 0.0, 0.0, 0.0, 0.0, 0.0, 0.0, 0.0, 0.0, 0.0, 0.0, 0.0, 0.0, 0.0]",['DenseNet121']
0.00707333861702643,1,15,224,224,0.88,0.7482961273193359,0.38243469977763006,0.4446800452760413,0.802256225347519,-0.44715803134221954,7,"[1.0, 1.0, 1.0, 1.0, 0.0, 1.0, 0.0, 0.0, 0.0, 0.0, 0.0, 0.0, 0.0, 0.0, 0.0, 0.0, 0.0, 0.0, 0.0, 0.0]",['DenseNet121']
0.00707333861702643,1,14,224,224,0.84,0.7452078926563263,0.3804572932922372,0.4177390840045484,0.8143141150474549,-0.8061799739838875,8,"[1.0, 1.0, 1.0, 1.0, 0.0, 1.0, 0.0, 0.0, 0.0, 0.0, 0.0, 0.0, 0.0, 0.0, 0.0, 0.0, 0.0, 0.0, 0.0, 0.0]",['DenseNet121']
0.08926225109999195,2,14,224,224,0.88,0.7543708068132401,3.8355082055393104,3.8910397531231533,0.9218936681747436,-0.44715803134221954,3,"[1.0, 1.0, 1.0, 1.0, 0.0, 1.0, 0.0, 0.0, 0.0, 0.0, 0.0, 0.0, 0.0, 0.0, 0.0, 0.0, 0.0, 0.0, 0.0, 0.0]","['DenseNet121', 'NASNetLarge']"
0.08926225109999195,2,15,224,224,0.96,0.8672058069705963,3.8347358986230704,3.907615843935637,0.9053141450881959,0.8061799739838869,7,"[1.0, 1.0, 1.0, 1.0, 0.0, 1.0, 0.0, 0.0, 0.0, 0.0, 0.0, 0.0, 0.0, 0.0, 0.0, 0.0, 0.0, 0.0, 0.0, 0.0]","['DenseNet121', 'NASNetLarge']"
0.08926225109999195,2,14,224,224,0.92,0.8401945775747299,3.8368414812294027,3.8841866281749504,0.9437704610824585,0.44715803134221954,9,"[1.0, 1.0, 1.0, 1.0, 0.0, 1.0, 0.0, 0.0, 0.0, 0.0, 0.0, 0.0, 0.0, 0.0, 0.0, 0.0, 0.0, 0.0, 0.0, 0.0]","['DenseNet121', 'NASNetLarge']"
0.08218891248296552,1,15,224,224,0.92,0.8157444357872009,3.829609114064633,3.863659110483878,0.8775331854820252,0.44715803134221954,5,"[1.0, 1.0, 1.0, 1.0, 0.0, 1.0, 0.0, 0.0, 0.0, 0.0, 0.0, 0.0, 0.0, 0.0, 0.0, 0.0, 0.0, 0.0, 0.0, 0.0]",['NASNetLarge']
0.10156819930457511,2,14,224,224,0.88,0.7620693469047546,3.8226344760947093,3.8610454891417287,0.8478338599205018,-0.44715803134221954,1,"[1.0, 1.0, 1.0, 1.0, 0.0, 1.0, 0.0, 0.0, 0.0, 0.0, 0.0, 0.0, 0.0, 0.0, 0.0, 0.0, 0.0, 0.0, 0.0, 0.0]","['EfficientNetV2S', 'NASNetLarge']"
0.10156819930457511,2,15,224,224,0.92,0.7937662196159363,3.8324472993745973,3.964625688113823,0.8693621504306793,0.44715803134221954,9,"[1.0, 1.0, 1.0, 1.0, 0.0, 1.0, 0.0, 0.0, 0.0, 0.0, 0.0, 0.0, 0.0, 0.0, 0.0, 0.0, 0.0, 0.0, 0.0, 0.0]","['EfficientNetV2S', 'NASNetLarge']"
0.10156819930457511,2,15,224,224,0.84,0.7157188081741332,3.826051515920385,3.8610663193930534,0.8554317152500153,-0.8061799739838875,5,"[1.0, 1.0, 1.0, 1.0, 0.0, 1.0, 0.0, 0.0, 0.0, 0.0, 0.0, 0.0, 0.0, 0.0, 0.0, 0.0, 0.0, 0.0, 0.0, 0.0]","['EfficientNetV2S', 'NASNetLarge']"
0.10156819930457511,2,15,224,224,0.92,0.8114546668529511,3.8227702108590376,3.8840879837902884,0.8706044840812683,0.44715803134221954,3,"[1.0, 1.0, 1.0, 1.0, 0.0, 1.0, 0.0, 0.0, 0.0, 0.0, 0.0, 0.0, 0.0, 0.0, 0.0, 0.0, 0.0, 0.0, 0.0, 0.0]","['EfficientNetV2S', 'NASNetLarge']"
0.08218891248296552,1,14,224,224,0.88,0.7737731719017029,3.8316721863626473,3.903062642390499,0.8716244626045228,-0.44715803134221954,6,"[1.0, 1.0, 1.0, 1.0, 0.0, 1.0, 0.0, 0.0, 0.0, 0.0, 0.0, 0.0, 0.0, 0.0, 0.0, 0.0, 0.0, 0.0, 0.0, 0.0]",['NASNetLarge']
0.08218891248296552,1,14,224,224,0.96,0.8061837303638458,3.8244596207141273,3.8588515629267435,0.8208415722846985,0.8061799739838869,10,"[1.0, 1.0, 1.0, 1.0, 0.0, 1.0, 0.0, 0.0, 0.0, 0.0, 0.0, 0.0, 0.0, 0.0, 0.0, 0.0, 0.0, 0.0, 0.0, 0.0]",['NASNetLarge']
0.09755254169905775,2,14,224,224,0.92,0.7866209918260574,3.8324306221418305,3.9403785738135872,0.8847858273983001,0.44715803134221954,4,"[1.0, 1.0, 1.0, 1.0, 0.0, 1.0, 0.0, 0.0, 0.0, 0.0, 0.0, 0.0, 0.0, 0.0, 0.0, 0.0, 0.0, 0.0, 0.0, 0.0]","['NASNetLarge', 'ResNet50']"
0.10462588031608418,3,14,224,224,0.92,0.7980539619922637,3.831794331006833,3.8709407830278924,0.8673772096633912,0.44715803134221954,0,"[1.0, 1.0, 1.0, 1.0, 0.0, 1.0, 0.0, 0.0, 0.0, 0.0, 0.0, 0.0, 0.0, 0.0, 0.0, 0.0, 0.0, 0.0, 0.0, 0.0]","['DenseNet121', 'NASNetLarge', 'ResNet50']"
0.10462588031608418,3,14,224,224,0.96,0.8282239762941996,3.8280226066027234,3.8832391875777774,0.9380859589576721,0.8061799739838869,4,"[1.0, 1.0, 1.0, 1.0, 0.0, 1.0, 0.0, 0.0, 0.0, 0.0, 0.0, 0.0, 0.0, 0.0, 0.0, 0.0, 0.0, 0.0, 0.0, 0.0]","['DenseNet121', 'NASNetLarge', 'ResNet50']"
0.10462588031608418,3,15,224,224,0.96,0.8399610420068107,3.825680273963675,3.863407253975316,0.9252123379707337,0.8061799739838869,7,"[1.0, 1.0, 1.0, 1.0, 0.0, 1.0, 0.0, 0.0, 0.0, 0.0, 0.0, 0.0, 0.0, 0.0, 0.0, 0.0, 0.0, 0.0, 0.0, 0.0]","['DenseNet121', 'NASNetLarge', 'ResNet50']"
0.10462588031608418,3,15,224,224,0.72,0.6136278311411539,3.830824796198959,3.855939905263529,0.7868262648582458,-1.235528446907549,4,"[1.0, 1.0, 1.0, 1.0, 0.0, 1.0, 0.0, 0.0, 0.0, 0.0, 0.0, 0.0, 0.0, 0.0, 0.0, 0.0, 0.0, 0.0, 0.0, 0.0]","['DenseNet121', 'NASNetLarge', 'ResNet50']"
0.10462588031608418,3,14,224,224,0.84,0.7540998911857605,3.8198578037037576,3.8433088153183124,0.8913657069206238,-0.8061799739838875,3,"[1.0, 1.0, 1.0, 1.0, 0.0, 1.0, 0.0, 0.0, 0.0, 0.0, 0.0, 0.0, 0.0, 0.0, 0.0, 0.0, 0.0, 0.0, 0.0, 0.0]","['DenseNet121', 'NASNetLarge', 'ResNet50']"
0.02243696783311866,2,14,224,224,0.92,0.7707978516817093,0.4250203197078889,0.4715593588400438,0.8784263813495636,0.44715803134221954,8,"[1.0, 1.0, 1.0, 1.0, 0.0, 1.0, 0.0, 0.0, 0.0, 0.0, 0.0, 0.0, 0.0, 0.0, 0.0, 0.0, 0.0, 0.0, 0.0, 0.0]","['DenseNet121', 'ResNet50']"
0.02243696783311866,2,13,224,224,0.88,0.7613647770881653,0.4237621155897761,0.4615408311330355,0.9042973828315735,-0.44715803134221954,10,"[1.0, 1.0, 1.0, 1.0, 0.0, 1.0, 0.0, 0.0, 0.0, 0.0, 0.0, 0.0, 0.0, 0.0, 0.0, 0.0, 0.0, 0.0, 0.0, 0.0]","['DenseNet121', 'ResNet50']"
0.02243696783311866,2,15,224,224,0.76,0.6326634299755096,0.414270219172589,0.4492043741295763,0.8111733686923981,-1.1335389083702174,8,"[1.0, 1.0, 1.0, 1.0, 0.0, 1.0, 0.0, 0.0, 0.0, 0.0, 0.0, 0.0, 0.0, 0.0, 0.0, 0.0, 0.0, 0.0, 0.0, 0.0]","['DenseNet121', 'ResNet50']"
0.02243696783311866,2,15,224,224,0.92,0.8268419313430786,0.424289486211281,0.538565048841126,0.9238922905921936,0.44715803134221954,7,"[1.0, 1.0, 1.0, 1.0, 0.0, 1.0, 0.0, 0.0, 0.0, 0.0, 0.0, 0.0, 0.0, 0.0, 0.0, 0.0, 0.0, 0.0, 0.0, 0.0]","['DenseNet121', 'ResNet50']"
0.02243696783311866,2,14,224,224,0.8,0.7191571176052094,0.425631934820492,0.5058617987597468,0.9129043817520142,-1.0,8,"[1.0, 1.0, 1.0, 1.0, 0.0, 1.0, 0.0, 0.0, 0.0, 0.0, 0.0, 0.0, 0.0, 0.0, 0.0, 0.0, 0.0, 0.0, 0.0, 0.0]","['DenseNet121', 'ResNet50']"
0.02243696783311866,2,13,224,224,0.84,0.7688948214054108,0.42043142500569763,0.4513733200625235,0.9255706739425659,-0.8061799739838875,4,"[1.0, 1.0, 1.0, 1.0, 0.0, 1.0, 0.0, 0.0, 0.0, 0.0, 0.0, 0.0, 0.0, 0.0, 0.0, 0.0, 0.0, 0.0, 0.0, 0.0]","['DenseNet121', 'ResNet50']"
0.02243696783311866,2,14,224,224,0.76,0.6566403740644455,0.42857797055824437,0.5112151698439515,0.812643518447876,-1.1335389083702174,7,"[1.0, 1.0, 1.0, 1.0, 0.0, 1.0, 0.0, 0.0, 0.0, 0.0, 0.0, 0.0, 0.0, 0.0, 0.0, 0.0, 0.0, 0.0, 0.0, 0.0]","['DenseNet121', 'ResNet50']"
0.015363629216092228,1,15,224,224,0.72,0.6438391637802124,0.41864766764899614,0.44551157472494984,0.757105987071991,-1.235528446907549,5,"[1.0, 1.0, 1.0, 1.0, 0.0, 1.0, 0.0, 0.0, 0.0, 0.0, 0.0, 0.0, 0.0, 0.0, 0.0, 0.0, 0.0, 0.0, 0.0, 0.0]",['ResNet50']
0.015363629216092228,1,15,224,224,0.64,0.6153057265281677,0.4179506326261675,0.5311924935365488,0.8374387836456298,-1.3873898263387294,6,"[1.0, 1.0, 1.0, 1.0, 0.0, 1.0, 0.0, 0.0, 0.0, 0.0, 0.0, 0.0, 0.0, 0.0, 0.0, 0.0, 0.0, 0.0, 0.0, 0.0]",['ResNet50']
0.015363629216092228,1,14,224,224,0.72,0.6601950120925903,0.4303936088939419,0.4732195228480347,0.7922055017948151,-1.235528446907549,10,"[1.0, 1.0, 1.0, 1.0, 0.0, 1.0, 0.0, 0.0, 0.0, 0.0, 0.0, 0.0, 0.0, 0.0, 0.0, 0.0, 0.0, 0.0, 0.0, 0.0]",['ResNet50']
0.015363629216092228,1,14,224,224,0.72,0.6049004471302033,0.41946850801274943,0.503643097646469,0.7390784764289856,-1.235528446907549,9,"[1.0, 1.0, 1.0, 1.0, 0.0, 1.0, 0.0, 0.0, 0.0, 0.0, 0.0, 0.0, 0.0, 0.0, 0.0, 0.0, 0.0, 0.0, 0.0, 0.0]",['ResNet50']
0.02243696783311866,2,12,224,224,0.88,0.7797168236970902,0.42087066757591507,0.4608955116406625,0.9136661458015441,-0.44715803134221954,0,"[1.0, 1.0, 1.0, 1.0, 0.0, 1.0, 0.0, 0.0, 0.0, 0.0, 0.0, 0.0, 0.0, 0.0, 0.0, 0.0, 0.0, 0.0, 0.0, 0.0]","['DenseNet121', 'ResNet50']"
0.02243696783311866,2,14,224,224,0.72,0.6374455136060715,0.41567932540253166,0.4465613404342083,0.8909906911849975,-1.235528446907549,0,"[1.0, 1.0, 1.0, 1.0, 0.0, 1.0, 0.0, 0.0, 0.0, 0.0, 0.0, 0.0, 0.0, 0.0, 0.0, 0.0, 0.0, 0.0, 0.0, 0.0]","['DenseNet121', 'ResNet50']"
0.02243696783311866,2,15,224,224,0.88,0.7478652119636535,0.41832023523966155,0.4589831144204513,0.8643021202087402,-0.44715803134221954,0,"[1.0, 1.0, 1.0, 1.0, 0.0, 1.0, 0.0, 0.0, 0.0, 0.0, 0.0, 0.0, 0.0, 0.0, 0.0, 0.0, 0.0, 0.0, 0.0, 0.0]","['DenseNet121', 'ResNet50']"
0.02243696783311866,2,15,224,224,0.8,0.7461098980903625,0.41857785710289996,0.48914196471293747,0.8999424052238464,-1.0,7,"[1.0, 1.0, 1.0, 1.0, 0.0, 1.0, 0.0, 0.0, 0.0, 0.0, 0.0, 0.0, 0.0, 0.0, 0.0, 0.0, 0.0, 0.0, 0.0, 0.0]","['DenseNet121', 'ResNet50']"
0.02243696783311866,2,15,224,224,0.92,0.8259686630964279,0.4260771353471026,0.5414160225239759,0.8962405788898468,0.44715803134221954,7,"[1.0, 1.0, 1.0, 1.0, 0.0, 1.0, 0.0, 0.0, 0.0, 0.0, 0.0, 0.0, 0.0, 0.0, 0.0, 0.0, 0.0, 0.0, 0.0, 0.0]","['DenseNet121', 'ResNet50']"
0.024693367697642233,3,15,224,224,0.76,0.6914950648943584,0.42381904767442213,0.4489384541909334,0.8693680894374848,-1.1335389083702174,2,"[1.0, 1.0, 1.0, 1.0, 0.0, 1.0, 0.0, 0.0, 0.0, 0.0, 0.0, 0.0, 0.0, 0.0, 0.0, 0.0, 0.0, 0.0, 0.0, 0.0]","['DenseNet121', 'MobileNetV2', 'ResNet50']"
0.024693367697642233,3,14,224,224,0.8,0.7157959739367166,0.41814891918161656,0.4485578296709132,0.8975181353092193,-1.0,6,"[1.0, 1.0, 1.0, 1.0, 0.0, 1.0, 0.0, 0.0, 0.0, 0.0, 0.0, 0.0, 0.0, 0.0, 0.0, 0.0, 0.0, 0.0, 0.0, 0.0]","['DenseNet121', 'MobileNetV2', 'ResNet50']"
0.024693367697642233,3,33,224,224,0.84,0.7009532630443571,0.41815703583472524,0.456653671724915,0.8657471632957459,-0.8061799739838875,8,"[1.0, 1.0, 1.0, 1.0, 0.0, 1.0, 0.0, 0.0, 0.0, 0.0, 0.0, 0.0, 0.0, 0.0, 0.0, 0.0, 0.0, 0.0, 0.0, 0.0]","['DenseNet121', 'MobileNetV2', 'ResNet50']"
0.02243696783311866,2,15,224,224,0.88,0.7699649786949158,0.4138812176309096,0.4507998187845345,0.8893022084236145,-0.44715803134221954,7,"[1.0, 1.0, 1.0, 1.0, 0.0, 1.0, 0.0, 0.0, 0.0, 0.0, 0.0, 0.0, 0.0, 0.0, 0.0, 0.0, 0.0, 0.0, 0.0, 0.0]","['DenseNet121', 'ResNet50']"
0.02243696783311866,2,33,224,224,0.8,0.660025447010994,0.41860979636381646,0.4419665694183262,0.7939787435531617,-1.0,6,"[1.0, 1.0, 1.0, 1.0, 0.0, 1.0, 0.0, 0.0, 0.0, 0.0, 0.0, 0.0, 0.0, 0.0, 0.0, 0.0, 0.0, 0.0, 0.0, 0.0]","['DenseNet121', 'ResNet50']"
0.02243696783311866,2,12,224,224,0.92,0.7968040710687637,0.42237793813602537,0.4472679935492897,0.8982502388954162,0.44715803134221954,0,"[1.0, 1.0, 1.0, 1.0, 0.0, 1.0, 0.0, 0.0, 0.0, 0.0, 0.0, 0.0, 0.0, 0.0, 0.0, 0.0, 0.0, 0.0, 0.0, 0.0]","['DenseNet121', 'ResNet50']"
0.024693367697642233,3,14,224,224,0.96,0.7657518754402797,0.422704855305859,0.45664967235881293,0.8077126765251159,0.8061799739838869,2,"[1.0, 1.0, 1.0, 1.0, 0.0, 1.0, 0.0, 0.0, 0.0, 0.0, 0.0, 0.0, 0.0, 0.0, 0.0, 0.0, 0.0, 0.0, 0.0, 0.0]","['DenseNet121', 'MobileNetV2', 'ResNet50']"
0.024693367697642233,3,15,224,224,0.88,0.7381696605682373,0.43220755820588097,0.5849284898615966,0.8931255555152893,-0.44715803134221954,6,"[1.0, 1.0, 1.0, 1.0, 0.0, 1.0, 0.0, 0.0, 0.0, 0.0, 0.0, 0.0, 0.0, 0.0, 0.0, 0.0, 0.0, 0.0, 0.0, 0.0]","['DenseNet121', 'MobileNetV2', 'ResNet50']"
0.024693367697642233,3,14,224,224,0.84,0.7492663824558258,0.4213042869212874,0.4532013694992666,0.925271463394165,-0.8061799739838875,6,"[1.0, 1.0, 1.0, 1.0, 0.0, 1.0, 0.0, 0.0, 0.0, 0.0, 0.0, 0.0, 0.0, 0.0, 0.0, 0.0, 0.0, 0.0, 0.0, 0.0]","['DenseNet121', 'MobileNetV2', 'ResNet50']"
0.024693367697642233,3,14,224,224,0.88,0.7723926524321238,0.41859910608882855,0.4395114447234991,0.8988970196247101,-0.44715803134221954,8,"[1.0, 1.0, 1.0, 1.0, 0.0, 1.0, 0.0, 0.0, 0.0, 0.0, 0.0, 0.0, 0.0, 0.0, 0.0, 0.0, 0.0, 0.0, 0.0, 0.0]","['DenseNet121', 'MobileNetV2', 'ResNet50']"
0.024693367697642233,3,15,224,224,0.88,0.7117325689395269,0.42019490107721197,0.45231672705290293,0.8601023721694946,-0.44715803134221954,6,"[1.0, 1.0, 1.0, 1.0, 0.0, 1.0, 0.0, 0.0, 0.0, 0.0, 0.0, 0.0, 0.0, 0.0, 0.0, 0.0, 0.0, 0.0, 0.0, 0.0]","['DenseNet121', 'MobileNetV2', 'ResNet50']"
0.02243696783311866,2,15,224,224,0.8,0.6963623732328414,0.4255626689636556,0.45516721486222955,0.8812830924987793,-1.0,7,"[1.0, 1.0, 1.0, 1.0, 0.0, 1.0, 0.0, 0.0, 0.0, 0.0, 0.0, 0.0, 0.0, 0.0, 0.0, 0.0, 0.0, 0.0, 0.0, 0.0]","['DenseNet121', 'ResNet50']"
0.02243696783311866,2,15,224,224,0.92,0.8057497441768646,0.42145389016120893,0.4584484803480254,0.886195650100708,0.44715803134221954,6,"[1.0, 1.0, 1.0, 1.0, 0.0, 1.0, 0.0, 0.0, 0.0, 0.0, 0.0, 0.0, 0.0, 0.0, 0.0, 0.0, 0.0, 0.0, 0.0, 0.0]","['DenseNet121', 'ResNet50']"
0.00707333861702643,1,14,224,224,0.76,0.6655542075634002,0.3830192093427653,0.4014193467011237,0.7570444488525391,-1.1335389083702174,9,"[1.0, 1.0, 1.0, 1.0, 0.0, 1.0, 0.0, 0.0, 0.0, 0.0, 0.0, 0.0, 0.0, 0.0, 0.0, 0.0, 0.0, 0.0, 0.0, 0.0]",['DenseNet121']
0.00707333861702643,1,15,224,224,0.84,0.7156561267375946,0.37626961461854314,0.4181544666151278,0.7700237393379211,-0.8061799739838875,0,"[1.0, 1.0, 1.0, 1.0, 0.0, 1.0, 0.0, 0.0, 0.0, 0.0, 0.0, 0.0, 0.0, 0.0, 0.0, 0.0, 0.0, 0.0, 0.0, 0.0]",['DenseNet121']
0.00707333861702643,1,15,224,224,0.88,0.7783926284313202,0.3742063414634081,0.39912880805081263,0.8083611524105072,-0.44715803134221954,6,"[1.0, 1.0, 1.0, 1.0, 0.0, 1.0, 0.0, 0.0, 0.0, 0.0, 0.0, 0.0, 0.0, 0.0, 0.0, 0.0, 0.0, 0.0, 0.0, 0.0]",['DenseNet121']
0.00707333861702643,1,13,224,224,0.84,0.7687115752696991,0.3756742058033079,0.41850667571883027,0.8622352731227875,-0.8061799739838875,0,"[1.0, 1.0, 1.0, 1.0, 0.0, 1.0, 0.0, 0.0, 0.0, 0.0, 0.0, 0.0, 0.0, 0.0, 0.0, 0.0, 0.0, 0.0, 0.0, 0.0]",['DenseNet121']
0.00707333861702643,1,14,224,224,0.8,0.7200516772270202,0.38137119728154395,0.43932522296796206,0.8608238887786865,-1.0,6,"[1.0, 1.0, 1.0, 1.0, 0.0, 1.0, 0.0, 0.0, 0.0, 0.0, 0.0, 0.0, 0.0, 0.0, 0.0, 0.0, 0.0, 0.0, 0.0, 0.0]",['DenseNet121']
0.02243696783311866,2,15,224,224,0.8,0.6936950838565826,0.4262298590391609,0.48509435316277105,0.8719784116744995,-1.0,4,"[1.0, 1.0, 1.0, 1.0, 0.0, 1.0, 0.0, 0.0, 0.0, 0.0, 0.0, 0.0, 0.0, 0.0, 0.0, 0.0, 0.0, 0.0, 0.0, 0.0]","['DenseNet121', 'ResNet50']"
0.10462588031608418,3,14,224,224,0.92,0.7884235580762229,3.8274521526037613,3.856827478928746,0.9198819422721862,0.44715803134221954,3,"[1.0, 1.0, 1.0, 1.0, 0.0, 1.0, 0.0, 0.0, 0.0, 0.0, 0.0, 0.0, 0.0, 0.0, 0.0, 0.0, 0.0, 0.0, 0.0, 0.0]","['DenseNet121', 'NASNetLarge', 'ResNet50']"
0.10462588031608418,3,15,224,224,0.92,0.8092708230018616,3.8282083499874,3.901891254907638,0.8944578790664672,0.44715803134221954,3,"[1.0, 1.0, 1.0, 1.0, 0.0, 1.0, 0.0, 0.0, 0.0, 0.0, 0.0, 0.0, 0.0, 0.0, 0.0, 0.0, 0.0, 0.0, 0.0, 0.0]","['DenseNet121', 'NASNetLarge', 'ResNet50']"
0.10688228018060776,4,15,224,224,0.92,0.7923087309797604,3.8251072620411724,3.8648147632135683,0.9190354323387147,0.44715803134221954,2,"[1.0, 1.0, 1.0, 1.0, 0.0, 1.0, 0.0, 0.0, 0.0, 0.0, 0.0, 0.0, 0.0, 0.0, 0.0, 0.0, 0.0, 0.0, 0.0, 0.0]","['DenseNet121', 'MobileNetV2', 'NASNetLarge', 'ResNet50']"
0.10688228018060776,4,13,224,224,0.88,0.7158177426457404,3.818984865966666,3.8542017532459254,0.8625328361988067,-0.44715803134221954,0,"[1.0, 1.0, 1.0, 1.0, 0.0, 1.0, 0.0, 0.0, 0.0, 0.0, 0.0, 0.0, 0.0, 0.0, 0.0, 0.0, 0.0, 0.0, 0.0, 0.0]","['DenseNet121', 'MobileNetV2', 'NASNetLarge', 'ResNet50']"
0.09980894156358132,3,15,224,224,0.96,0.8138319396972656,3.8260374965127744,3.854792349644379,0.92845130443573,0.8061799739838869,5,"[1.0, 1.0, 1.0, 1.0, 0.0, 1.0, 0.0, 0.0, 0.0, 0.0, 0.0, 0.0, 0.0, 0.0, 0.0, 0.0, 0.0, 0.0, 0.0, 0.0]","['MobileNetV2', 'NASNetLarge', 'ResNet50']"
0.09980894156358132,3,14,224,224,1.0,0.8566193828980126,3.8276125988265455,3.914267938316024,0.9351169514656067,1.0,3,"[1.0, 1.0, 1.0, 1.0, 0.0, 1.0, 0.0, 0.0, 0.0, 0.0, 0.0, 0.0, 0.0, 0.0, 0.0, 0.0, 0.0, 0.0, 0.0, 0.0]","['MobileNetV2', 'NASNetLarge', 'ResNet50']"
0.08444531234748909,2,14,224,224,0.92,0.7810634684562683,3.844475637983227,3.987301841034082,0.8931578612327575,0.44715803134221954,9,"[1.0, 1.0, 1.0, 1.0, 0.0, 1.0, 0.0, 0.0, 0.0, 0.0, 0.0, 0.0, 0.0, 0.0, 0.0, 0.0, 0.0, 0.0, 0.0, 0.0]","['MobileNetV2', 'NASNetLarge']"
0.1038245991690987,3,15,224,224,0.88,0.7543771608670553,3.830179670936043,3.8667861147581912,0.8998029685020447,-0.44715803134221954,1,"[1.0, 1.0, 1.0, 1.0, 0.0, 1.0, 0.0, 0.0, 0.0, 0.0, 0.0, 0.0, 0.0, 0.0, 0.0, 0.0, 0.0, 0.0, 0.0, 0.0]","['EfficientNetV2S', 'MobileNetV2', 'NASNetLarge']"
0.10156819930457511,2,14,224,224,0.88,0.7535208511352539,3.825748219339659,3.8820939437645063,0.855859557390213,-0.44715803134221954,7,"[1.0, 1.0, 1.0, 1.0, 0.0, 1.0, 0.0, 0.0, 0.0, 0.0, 0.0, 0.0, 0.0, 0.0, 0.0, 0.0, 0.0, 0.0, 0.0, 0.0]","['EfficientNetV2S', 'NASNetLarge']"
0.10156819930457511,2,15,224,224,1.0,0.8679419833421708,3.8269022807955366,3.864052936844969,0.8898927760124207,1.0,5,"[1.0, 1.0, 1.0, 1.0, 0.0, 1.0, 0.0, 0.0, 0.0, 0.0, 0.0, 0.0, 0.0, 0.0, 0.0, 0.0, 0.0, 0.0, 0.0, 0.0]","['EfficientNetV2S', 'NASNetLarge']"
0.0193792868216096,1,14,224,224,0.84,0.746670458316803,1.1578899285185613,1.202133755743506,0.8234418392181396,-0.8061799739838875,8,"[1.0, 1.0, 1.0, 1.0, 0.0, 1.0, 0.0, 0.0, 0.0, 0.0, 0.0, 0.0, 0.0, 0.0, 0.0, 0.0, 0.0, 0.0, 0.0, 0.0]",['EfficientNetV2S']
0.0193792868216096,1,14,224,224,0.92,0.8145255160331726,1.154696733016181,1.1732239802672022,0.840220468044281,0.44715803134221954,6,"[1.0, 1.0, 1.0, 1.0, 0.0, 1.0, 0.0, 0.0, 0.0, 0.0, 0.0, 0.0, 0.0, 0.0, 0.0, 0.0, 0.0, 0.0, 0.0, 0.0]",['EfficientNetV2S']
0.0193792868216096,1,15,224,224,0.92,0.7977120614051819,1.1580357259922958,1.182545468641056,0.8376707339286804,0.44715803134221954,9,"[1.0, 1.0, 1.0, 1.0, 0.0, 1.0, 0.0, 0.0, 0.0, 0.0, 0.0, 0.0, 0.0, 0.0, 0.0, 0.0, 0.0, 0.0, 0.0, 0.0]",['EfficientNetV2S']
0.0193792868216096,1,14,224,224,0.92,0.7797149741649627,1.1665191624447813,1.2765565606256524,0.8251632916927337,0.44715803134221954,8,"[1.0, 1.0, 1.0, 1.0, 0.0, 1.0, 0.0, 0.0, 0.0, 0.0, 0.0, 0.0, 0.0, 0.0, 0.0, 0.0, 0.0, 0.0, 0.0, 0.0]",['EfficientNetV2S']
0.021635686686133172,2,14,224,224,0.96,0.7994344460964203,1.1588569038775487,1.1801649495170312,0.8599093198776245,0.8061799739838869,2,"[1.0, 1.0, 1.0, 1.0, 0.0, 1.0, 0.0, 0.0, 0.0, 0.0, 0.0, 0.0, 0.0, 0.0, 0.0, 0.0, 0.0, 0.0, 0.0, 0.0]","['EfficientNetV2S', 'MobileNetV2']"
0.021635686686133172,2,14,224,224,0.96,0.7969232594966889,1.1664798001922534,1.1915887867818022,0.8698752272129059,0.8061799739838869,9,"[1.0, 1.0, 1.0, 1.0, 0.0, 1.0, 0.0, 0.0, 0.0, 0.0, 0.0, 0.0, 0.0, 0.0, 0.0, 0.0, 0.0, 0.0, 0.0, 0.0]","['EfficientNetV2S', 'MobileNetV2']"
0.021635686686133172,2,14,224,224,0.96,0.7894298040866852,1.1526487030872403,1.1909710097923407,0.8406938862800598,0.8061799739838869,1,"[1.0, 1.0, 1.0, 1.0, 0.0, 1.0, 0.0, 0.0, 0.0, 0.0, 0.0, 0.0, 0.0, 0.0, 0.0, 0.0, 0.0, 0.0, 0.0, 0.0]","['EfficientNetV2S', 'MobileNetV2']"
0.021635686686133172,2,15,224,224,0.88,0.7498269534111023,1.1624748297463758,1.185327745727243,0.9075180959701538,-0.44715803134221954,10,"[1.0, 1.0, 1.0, 1.0, 0.0, 1.0, 0.0, 0.0, 0.0, 0.0, 0.0, 0.0, 0.0, 0.0, 0.0, 0.0, 0.0, 0.0, 0.0, 0.0]","['EfficientNetV2S', 'MobileNetV2']"
0.021635686686133172,2,15,224,224,0.96,0.760529693365097,1.1570135325205635,1.1985379312718423,0.85141503572464,0.8061799739838869,8,"[1.0, 1.0, 1.0, 1.0, 0.0, 1.0, 0.0, 0.0, 0.0, 0.0, 0.0, 0.0, 0.0, 0.0, 0.0, 0.0, 0.0, 0.0, 0.0, 0.0]","['EfficientNetV2S', 'MobileNetV2']"
0.021635686686133172,2,15,224,224,0.8,0.6714733684062958,1.1514000098394666,1.2120233167276675,0.8311436176300049,-1.0,2,"[1.0, 1.0, 1.0, 1.0, 0.0, 1.0, 0.0, 0.0, 0.0, 0.0, 0.0, 0.0, 0.0, 0.0, 0.0, 0.0, 0.0, 0.0, 0.0, 0.0]","['EfficientNetV2S', 'MobileNetV2']"
0.1038245991690987,3,14,224,224,0.92,0.8215289020538331,3.826750676874317,3.8807973252906023,0.8893732976913452,0.44715803134221954,3,"[1.0, 1.0, 1.0, 1.0, 0.0, 1.0, 0.0, 0.0, 0.0, 0.0, 0.0, 0.0, 0.0, 0.0, 0.0, 0.0, 0.0, 0.0, 0.0, 0.0]","['EfficientNetV2S', 'MobileNetV2', 'NASNetLarge']"
0.1038245991690987,3,14,224,224,0.88,0.7477477419376374,3.8300273447714814,3.8814752899994334,0.8947527503967285,-0.44715803134221954,2,"[1.0, 1.0, 1.0, 1.0, 0.0, 1.0, 0.0, 0.0, 0.0, 0.0, 0.0, 0.0, 0.0, 0.0, 0.0, 0.0, 0.0, 0.0, 0.0, 0.0]","['EfficientNetV2S', 'MobileNetV2', 'NASNetLarge']"
0.1038245991690987,3,14,224,224,0.92,0.7557141760985056,3.828010352686271,3.8712611652671542,0.8733495473861694,0.44715803134221954,5,"[1.0, 1.0, 1.0, 1.0, 0.0, 1.0, 0.0, 0.0, 0.0, 0.0, 0.0, 0.0, 0.0, 0.0, 0.0, 0.0, 0.0, 0.0, 0.0, 0.0]","['EfficientNetV2S', 'MobileNetV2', 'NASNetLarge']"
0.1038245991690987,3,14,224,224,0.92,0.7959030890464782,3.8291970763101806,3.8728895068157616,0.9166815900802612,0.44715803134221954,3,"[1.0, 1.0, 1.0, 1.0, 0.0, 1.0, 0.0, 0.0, 0.0, 0.0, 0.0, 0.0, 0.0, 0.0, 0.0, 0.0, 0.0, 0.0, 0.0, 0.0]","['EfficientNetV2S', 'MobileNetV2', 'NASNetLarge']"
0.08444531234748909,2,15,224,224,0.84,0.7255183714628219,3.8318954837298507,3.919756472402944,0.8880927038192749,-0.8061799739838875,6,"[1.0, 1.0, 1.0, 1.0, 0.0, 1.0, 0.0, 0.0, 0.0, 0.0, 0.0, 0.0, 0.0, 0.0, 0.0, 0.0, 0.0, 0.0, 0.0, 0.0]","['MobileNetV2', 'NASNetLarge']"
0.08444531234748909,2,33,224,224,0.92,0.7824295938014985,3.832704427453925,3.871046574348166,0.8877540183067322,0.44715803134221954,10,"[1.0, 1.0, 1.0, 1.0, 0.0, 1.0, 0.0, 0.0, 0.0, 0.0, 0.0, 0.0, 0.0, 0.0, 0.0, 0.0, 0.0, 0.0, 0.0, 0.0]","['MobileNetV2', 'NASNetLarge']"
0.08444531234748909,2,15,224,224,0.92,0.7904144650697709,3.8216989722454464,3.921702942487247,0.8531868362426758,0.44715803134221954,5,"[1.0, 1.0, 1.0, 1.0, 0.0, 1.0, 0.0, 0.0, 0.0, 0.0, 0.0, 0.0, 0.0, 0.0, 0.0, 0.0, 0.0, 0.0, 0.0, 0.0]","['MobileNetV2', 'NASNetLarge']"
0.08444531234748909,2,15,224,224,0.92,0.7858135282993317,3.8322130953978233,4.0085721954097755,0.8818102443218231,0.44715803134221954,3,"[1.0, 1.0, 1.0, 1.0, 0.0, 1.0, 0.0, 0.0, 0.0, 0.0, 0.0, 0.0, 0.0, 0.0, 0.0, 0.0, 0.0, 0.0, 0.0, 0.0]","['MobileNetV2', 'NASNetLarge']"
0.1038245991690987,3,15,224,224,0.88,0.7349521366755166,3.837324375502127,3.9246083929960878,0.8719349265098572,-0.44715803134221954,1,"[1.0, 1.0, 1.0, 1.0, 0.0, 1.0, 0.0, 0.0, 0.0, 0.0, 0.0, 0.0, 0.0, 0.0, 0.0, 0.0, 0.0, 0.0, 0.0, 0.0]","['EfficientNetV2S', 'MobileNetV2', 'NASNetLarge']"
0.10156819930457511,2,15,224,224,0.88,0.7385295534133911,3.8344906268319865,3.9228256785340028,0.8488433468341827,-0.44715803134221954,7,"[1.0, 1.0, 1.0, 1.0, 0.0, 1.0, 0.0, 0.0, 0.0, 0.0, 0.0, 0.0, 0.0, 0.0, 0.0, 0.0, 0.0, 0.0, 0.0, 0.0]","['EfficientNetV2S', 'NASNetLarge']"
0.10156819930457511,2,15,224,224,0.92,0.7928272640705109,3.82849738356096,3.900724469143111,0.8787786793708802,0.44715803134221954,5,"[1.0, 1.0, 1.0, 1.0, 0.0, 1.0, 0.0, 0.0, 0.0, 0.0, 0.0, 0.0, 0.0, 0.0, 0.0, 0.0, 0.0, 0.0, 0.0, 0.0]","['EfficientNetV2S', 'NASNetLarge']"
0.1038245991690987,3,15,224,224,0.92,0.8057011928160985,3.8211614807029037,3.8701576536734383,0.9315928959846497,0.44715803134221954,2,"[1.0, 1.0, 1.0, 1.0, 0.0, 1.0, 0.0, 0.0, 0.0, 0.0, 0.0, 0.0, 0.0, 0.0, 0.0, 0.0, 0.0, 0.0, 0.0, 0.0]","['EfficientNetV2S', 'MobileNetV2', 'NASNetLarge']"
0.021635686686133172,2,14,224,224,0.92,0.7608746147155762,1.156701203127563,1.2387607241116598,0.8604027807712555,0.44715803134221954,8,"[1.0, 1.0, 1.0, 1.0, 0.0, 1.0, 0.0, 0.0, 0.0, 0.0, 0.0, 0.0, 0.0, 0.0, 0.0, 0.0, 0.0, 0.0, 0.0, 0.0]","['EfficientNetV2S', 'MobileNetV2']"
0.021635686686133172,2,15,224,224,0.92,0.7996383678913116,1.147798157319389,1.190014386359746,0.8740707278251648,0.44715803134221954,2,"[1.0, 1.0, 1.0, 1.0, 0.0, 1.0, 0.0, 0.0, 0.0, 0.0, 0.0, 0.0, 0.0, 0.0, 0.0, 0.0, 0.0, 0.0, 0.0, 0.0]","['EfficientNetV2S', 'MobileNetV2']"
0.1038245991690987,3,15,224,224,1.0,0.83310870607694,3.8252249787608923,3.8562168515822894,0.9106848359107971,1.0,3,"[1.0, 1.0, 1.0, 1.0, 0.0, 1.0, 0.0, 0.0, 0.0, 0.0, 0.0, 0.0, 0.0, 0.0, 0.0, 0.0, 0.0, 0.0, 0.0, 0.0]","['EfficientNetV2S', 'MobileNetV2', 'NASNetLarge']"
0.1038245991690987,3,15,224,224,0.88,0.7626735119024911,3.8300235351326988,3.8660770969522043,0.9025629580020904,-0.44715803134221954,9,"[1.0, 1.0, 1.0, 1.0, 0.0, 1.0, 0.0, 0.0, 0.0, 0.0, 0.0, 0.0, 0.0, 0.0, 0.0, 0.0, 0.0, 0.0, 0.0, 0.0]","['EfficientNetV2S', 'MobileNetV2', 'NASNetLarge']"
0.10156819930457511,2,14,224,224,0.96,0.8507509624958038,3.833520459063237,3.9170151848103094,0.8979100322723389,0.8061799739838869,7,"[1.0, 1.0, 1.0, 1.0, 0.0, 1.0, 0.0, 0.0, 0.0, 0.0, 0.0, 0.0, 0.0, 0.0, 0.0, 0.0, 0.0, 0.0, 0.0, 0.0]","['EfficientNetV2S', 'NASNetLarge']"
0.11693182852066734,3,14,224,224,0.76,0.6709318431218466,3.824168376033926,3.8804349301807255,0.9265659928321839,-1.1335389083702174,4,"[1.0, 1.0, 1.0, 1.0, 0.0, 1.0, 0.0, 0.0, 0.0, 0.0, 0.0, 0.0, 0.0, 0.0, 0.0, 0.0, 0.0, 0.0, 0.0, 0.0]","['EfficientNetV2S', 'NASNetLarge', 'ResNet50']"
0.09755254169905775,2,15,224,224,0.88,0.783798201084137,3.8304210957992564,3.860983670918331,0.923913049697876,-0.44715803134221954,6,"[1.0, 1.0, 1.0, 1.0, 0.0, 1.0, 0.0, 0.0, 0.0, 0.0, 0.0, 0.0, 0.0, 0.0, 0.0, 0.0, 0.0, 0.0, 0.0, 0.0]","['NASNetLarge', 'ResNet50']"
0.09755254169905775,2,14,224,224,0.92,0.8325326979160309,3.8196917640644887,3.86634013124921,0.9426331925392151,0.44715803134221954,5,"[1.0, 1.0, 1.0, 1.0, 0.0, 1.0, 0.0, 0.0, 0.0, 0.0, 0.0, 0.0, 0.0, 0.0, 0.0, 0.0, 0.0, 0.0, 0.0, 0.0]","['NASNetLarge', 'ResNet50']"
0.09755254169905775,2,12,224,224,0.92,0.8300888216495514,3.8389462018574334,3.9922391186151067,0.917155042886734,0.44715803134221954,3,"[1.0, 1.0, 1.0, 1.0, 0.0, 1.0, 0.0, 0.0, 0.0, 0.0, 0.0, 0.0, 0.0, 0.0, 0.0, 0.0, 0.0, 0.0, 0.0, 0.0]","['NASNetLarge', 'ResNet50']"
0.09755254169905775,2,14,224,224,0.88,0.776453446149826,3.8321378715012657,3.8617471428963386,0.926865496635437,-0.44715803134221954,7,"[1.0, 1.0, 1.0, 1.0, 0.0, 1.0, 0.0, 0.0, 0.0, 0.0, 0.0, 0.0, 0.0, 0.0, 0.0, 0.0, 0.0, 0.0, 0.0, 0.0]","['NASNetLarge', 'ResNet50']"
0.09980894156358132,3,14,224,224,0.92,0.798886066277822,3.8256411272362687,3.8639511778492985,0.8715286803245544,0.44715803134221954,2,"[1.0, 1.0, 1.0, 1.0, 0.0, 1.0, 0.0, 0.0, 0.0, 0.0, 0.0, 0.0, 0.0, 0.0, 0.0, 0.0, 0.0, 0.0, 0.0, 0.0]","['MobileNetV2', 'NASNetLarge', 'ResNet50']"
0.09755254169905775,2,14,224,224,0.92,0.8257165038585663,3.826835460963654,3.862307847732039,0.9209979152679444,0.44715803134221954,7,"[1.0, 1.0, 1.0, 1.0, 0.0, 1.0, 0.0, 0.0, 0.0, 0.0, 0.0, 0.0, 0.0, 0.0, 0.0, 0.0, 0.0, 0.0, 0.0, 0.0]","['NASNetLarge', 'ResNet50']"
0.09755254169905775,2,14,224,224,0.92,0.8120440155267715,3.828317884645331,3.865909539285536,0.9098867130279541,0.44715803134221954,10,"[1.0, 1.0, 1.0, 1.0, 0.0, 1.0, 0.0, 0.0, 0.0, 0.0, 0.0, 0.0, 0.0, 0.0, 0.0, 0.0, 0.0, 0.0, 0.0, 0.0]","['NASNetLarge', 'ResNet50']"
0.11693182852066734,3,15,224,224,0.96,0.8539816546440125,3.8196399225366395,3.8626172637445704,0.9461512112617493,0.8061799739838869,1,"[1.0, 1.0, 1.0, 1.0, 0.0, 1.0, 0.0, 0.0, 0.0, 0.0, 0.0, 0.0, 0.0, 0.0, 0.0, 0.0, 0.0, 0.0, 0.0, 0.0]","['EfficientNetV2S', 'NASNetLarge', 'ResNet50']"
0.11693182852066734,3,15,224,224,0.96,0.8543204243977864,3.8296592610161637,3.867886909795571,0.9542618703842163,0.8061799739838869,5,"[1.0, 1.0, 1.0, 1.0, 0.0, 1.0, 0.0, 0.0, 0.0, 0.0, 0.0, 0.0, 0.0, 0.0, 0.0, 0.0, 0.0, 0.0, 0.0, 0.0]","['EfficientNetV2S', 'NASNetLarge', 'ResNet50']"
0.11693182852066734,3,14,224,224,0.84,0.7052389641602833,3.8198564559687735,3.8817818966723707,0.8923098158836364,-0.8061799739838875,7,"[1.0, 1.0, 1.0, 1.0, 0.0, 1.0, 0.0, 0.0, 0.0, 0.0, 0.0, 0.0, 0.0, 0.0, 0.0, 0.0, 0.0, 0.0, 0.0, 0.0]","['EfficientNetV2S', 'NASNetLarge', 'ResNet50']"
0.12400516713769379,4,15,224,224,0.88,0.7654827877879142,3.8367836943558706,3.8591126212199907,0.8848955929279327,-0.44715803134221954,0,"[1.0, 1.0, 1.0, 1.0, 0.0, 1.0, 0.0, 0.0, 0.0, 0.0, 0.0, 0.0, 0.0, 0.0, 0.0, 0.0, 0.0, 0.0, 0.0, 0.0]","['DenseNet121', 'EfficientNetV2S', 'NASNetLarge', 'ResNet50']"
0.10462588031608418,3,14,224,224,0.84,0.7527363353967668,3.83190252303767,3.909681177215915,0.8763532447814941,-0.8061799739838875,6,"[1.0, 1.0, 1.0, 1.0, 0.0, 1.0, 0.0, 0.0, 0.0, 0.0, 0.0, 0.0, 0.0, 0.0, 0.0, 0.0, 0.0, 0.0, 0.0, 0.0]","['DenseNet121', 'NASNetLarge', 'ResNet50']"
0.10462588031608418,3,15,224,224,0.92,0.8364893758296965,3.811387382677536,3.8586292479345543,0.9612994122505188,0.44715803134221954,0,"[1.0, 1.0, 1.0, 1.0, 0.0, 1.0, 0.0, 0.0, 0.0, 0.0, 0.0, 0.0, 0.0, 0.0, 0.0, 0.0, 0.0, 0.0, 0.0, 0.0]","['DenseNet121', 'NASNetLarge', 'ResNet50']"
0.10462588031608418,3,14,224,224,0.88,0.7509838648637135,3.8235894154209227,3.873132762764293,0.9002547121047973,-0.44715803134221954,7,"[1.0, 1.0, 1.0, 1.0, 0.0, 1.0, 0.0, 0.0, 0.0, 0.0, 0.0, 0.0, 0.0, 0.0, 0.0, 0.0, 0.0, 0.0, 0.0, 0.0]","['DenseNet121', 'NASNetLarge', 'ResNet50']"
0.12400516713769379,4,14,224,224,0.84,0.7432998188336691,3.821627485217216,3.8748423133298355,0.844453102350235,-0.8061799739838875,1,"[1.0, 1.0, 1.0, 1.0, 0.0, 1.0, 0.0, 0.0, 0.0, 0.0, 0.0, 0.0, 0.0, 0.0, 0.0, 0.0, 0.0, 0.0, 0.0, 0.0]","['DenseNet121', 'EfficientNetV2S', 'NASNetLarge', 'ResNet50']"
0.10864153792160156,3,15,224,224,0.96,0.8827189056078592,3.8247796775098677,3.894348232543727,0.9478812563419342,0.8061799739838869,9,"[1.0, 1.0, 1.0, 1.0, 0.0, 1.0, 0.0, 0.0, 0.0, 0.0, 0.0, 0.0, 0.0, 0.0, 0.0, 0.0, 0.0, 0.0, 0.0, 0.0]","['DenseNet121', 'EfficientNetV2S', 'NASNetLarge']"
0.10864153792160156,3,15,224,224,0.88,0.7599238348007202,3.8261690837686406,3.8880304623762325,0.8979292500019074,-0.44715803134221954,7,"[1.0, 1.0, 1.0, 1.0, 0.0, 1.0, 0.0, 0.0, 0.0, 0.0, 0.0, 0.0, 0.0, 0.0, 0.0, 0.0, 0.0, 0.0, 0.0, 0.0]","['DenseNet121', 'EfficientNetV2S', 'NASNetLarge']"
0.10864153792160156,3,15,224,224,0.96,0.8152192107836406,3.8277824403757243,3.8713173802384517,0.8827815866470337,0.8061799739838869,7,"[1.0, 1.0, 1.0, 1.0, 0.0, 1.0, 0.0, 0.0, 0.0, 0.0, 0.0, 0.0, 0.0, 0.0, 0.0, 0.0, 0.0, 0.0, 0.0, 0.0]","['DenseNet121', 'EfficientNetV2S', 'NASNetLarge']"
0.11089793778612513,4,15,224,224,0.96,0.84060402572155,3.8258447576501013,3.899881707138052,0.9421366333961487,0.8061799739838869,2,"[1.0, 1.0, 1.0, 1.0, 0.0, 1.0, 0.0, 0.0, 0.0, 0.0, 0.0, 0.0, 0.0, 0.0, 0.0, 0.0, 0.0, 0.0, 0.0, 0.0]","['DenseNet121', 'EfficientNetV2S', 'MobileNetV2', 'NASNetLarge']"
0.1038245991690987,3,14,224,224,0.96,0.8315041518211365,3.8301773669797474,4.019752101845463,0.9230526995658874,0.8061799739838869,5,"[1.0, 1.0, 1.0, 1.0, 0.0, 1.0, 0.0, 0.0, 0.0, 0.0, 0.0, 0.0, 0.0, 0.0, 0.0, 0.0, 0.0, 0.0, 0.0, 0.0]","['EfficientNetV2S', 'MobileNetV2', 'NASNetLarge']"
0.1038245991690987,3,15,224,224,0.96,0.8393370687961579,3.8150817011497047,3.8546514229959645,0.9128231477737426,0.8061799739838869,3,"[1.0, 1.0, 1.0, 1.0, 0.0, 1.0, 0.0, 0.0, 0.0, 0.0, 0.0, 0.0, 0.0, 0.0, 0.0, 0.0, 0.0, 0.0, 0.0, 0.0]","['EfficientNetV2S', 'MobileNetV2', 'NASNetLarge']"
0.11918822838519093,4,15,224,224,0.8,0.6473728233575821,3.8261961405815974,3.8632065345838877,0.8621933484077453,-1.0,4,"[1.0, 1.0, 1.0, 1.0, 0.0, 1.0, 0.0, 0.0, 0.0, 0.0, 0.0, 0.0, 0.0, 0.0, 0.0, 0.0, 0.0, 0.0, 0.0, 0.0]","['EfficientNetV2S', 'MobileNetV2', 'NASNetLarge', 'ResNet50']"
0.11918822838519093,4,14,224,224,0.96,0.8200039859612783,3.830201498309204,3.8652452722894233,0.8574157881736756,0.8061799739838869,1,"[1.0, 1.0, 1.0, 1.0, 0.0, 1.0, 0.0, 0.0, 0.0, 0.0, 0.0, 0.0, 0.0, 0.0, 0.0, 0.0, 0.0, 0.0, 0.0, 0.0]","['EfficientNetV2S', 'MobileNetV2', 'NASNetLarge', 'ResNet50']"
0.1038245991690987,3,14,224,224,0.96,0.8190551571051279,3.8324194296056255,3.8710955919534595,0.89785160779953,0.8061799739838869,9,"[1.0, 1.0, 1.0, 1.0, 0.0, 1.0, 0.0, 0.0, 0.0, 0.0, 0.0, 0.0, 0.0, 0.0, 0.0, 0.0, 0.0, 0.0, 0.0, 0.0]","['EfficientNetV2S', 'MobileNetV2', 'NASNetLarge']"
0.08444531234748909,2,15,224,224,1.0,0.845592799782753,3.828464096425642,3.8739932573718536,0.9101371335983276,1.0,6,"[1.0, 1.0, 1.0, 1.0, 0.0, 1.0, 0.0, 0.0, 0.0, 0.0, 0.0, 0.0, 0.0, 0.0, 0.0, 0.0, 0.0, 0.0, 0.0, 0.0]","['MobileNetV2', 'NASNetLarge']"
0.08444531234748909,2,14,224,224,0.92,0.7715285778045654,3.8164582806198912,3.8609845980707598,0.905151081085205,0.44715803134221954,9,"[1.0, 1.0, 1.0, 1.0, 0.0, 1.0, 0.0, 0.0, 0.0, 0.0, 0.0, 0.0, 0.0, 0.0, 0.0, 0.0, 0.0, 0.0, 0.0, 0.0]","['MobileNetV2', 'NASNetLarge']"
0.08444531234748909,2,15,224,224,0.96,0.7666531729698182,3.82485368155536,3.9031204995523128,0.8892480182647705,0.8061799739838869,9,"[1.0, 1.0, 1.0, 1.0, 0.0, 1.0, 0.0, 0.0, 0.0, 0.0, 0.0, 0.0, 0.0, 0.0, 0.0, 0.0, 0.0, 0.0, 0.0, 0.0]","['MobileNetV2', 'NASNetLarge']"
0.08444531234748909,2,15,224,224,0.96,0.8017408442497254,3.8286569737175085,3.8604456262890436,0.9039945316314697,0.8061799739838869,9,"[1.0, 1.0, 1.0, 1.0, 0.0, 1.0, 0.0, 0.0, 0.0, 0.0, 0.0, 0.0, 0.0, 0.0, 0.0, 0.0, 0.0, 0.0, 0.0, 0.0]","['MobileNetV2', 'NASNetLarge']"
0.1038245991690987,3,15,224,224,0.88,0.7583320663372675,3.8343037351607108,3.894765969398593,0.8727821207046509,-0.44715803134221954,1,"[1.0, 1.0, 1.0, 1.0, 0.0, 1.0, 0.0, 0.0, 0.0, 0.0, 0.0, 0.0, 0.0, 0.0, 0.0, 0.0, 0.0, 0.0, 0.0, 0.0]","['EfficientNetV2S', 'MobileNetV2', 'NASNetLarge']"
0.10156819930457511,2,33,224,224,0.92,0.8290784120559692,3.8224272522932172,3.928841786237177,0.9128898000717163,0.44715803134221954,7,"[1.0, 1.0, 1.0, 1.0, 0.0, 1.0, 0.0, 0.0, 0.0, 0.0, 0.0, 0.0, 0.0, 0.0, 0.0, 0.0, 0.0, 0.0, 0.0, 0.0]","['EfficientNetV2S', 'NASNetLarge']"
0.1038245991690987,3,15,224,224,0.92,0.7462444438536963,3.8230815978299875,3.8687131900072522,0.8857647633552551,0.44715803134221954,2,"[1.0, 1.0, 1.0, 1.0, 0.0, 1.0, 0.0, 0.0, 0.0, 0.0, 0.0, 0.0, 0.0, 0.0, 0.0, 0.0, 0.0, 0.0, 0.0, 0.0]","['EfficientNetV2S', 'MobileNetV2', 'NASNetLarge']"
0.1038245991690987,3,15,224,224,0.92,0.7754484124978385,3.8284594635774023,3.8554172149896258,0.8883986234664917,0.44715803134221954,10,"[1.0, 1.0, 1.0, 1.0, 0.0, 1.0, 0.0, 0.0, 0.0, 0.0, 0.0, 0.0, 0.0, 0.0, 0.0, 0.0, 0.0, 0.0, 0.0, 0.0]","['EfficientNetV2S', 'MobileNetV2', 'NASNetLarge']"
0.1038245991690987,3,15,224,224,0.88,0.738286645412445,3.82232311637532,3.9206878953717452,0.853984169960022,-0.44715803134221954,2,"[1.0, 1.0, 1.0, 1.0, 0.0, 1.0, 0.0, 0.0, 0.0, 0.0, 0.0, 0.0, 0.0, 0.0, 0.0, 0.0, 0.0, 0.0, 0.0, 0.0]","['EfficientNetV2S', 'MobileNetV2', 'NASNetLarge']"
0.1038245991690987,3,33,224,224,0.92,0.7382582253217698,3.832647004725486,3.9038071155383576,0.8304829704761505,0.44715803134221954,1,"[1.0, 1.0, 1.0, 1.0, 0.0, 1.0, 0.0, 0.0, 0.0, 0.0, 0.0, 0.0, 0.0, 0.0, 0.0, 0.0, 0.0, 0.0, 0.0, 0.0]","['EfficientNetV2S', 'MobileNetV2', 'NASNetLarge']"
0.021635686686133172,2,15,224,224,0.92,0.7984765070676804,1.154957687477705,1.1756401797927785,0.8950191831588745,0.44715803134221954,8,"[1.0, 1.0, 1.0, 1.0, 0.0, 1.0, 0.0, 0.0, 0.0, 0.0, 0.0, 0.0, 0.0, 0.0, 0.0, 0.0, 0.0, 0.0, 0.0, 0.0]","['EfficientNetV2S', 'MobileNetV2']"
0.021635686686133172,2,14,224,224,0.92,0.744565235376358,1.1540721564334333,1.1772285043016446,0.8584910595417022,0.44715803134221954,9,"[1.0, 1.0, 1.0, 1.0, 0.0, 1.0, 0.0, 0.0, 0.0, 0.0, 0.0, 0.0, 0.0, 0.0, 0.0, 0.0, 0.0, 0.0, 0.0, 0.0]","['EfficientNetV2S', 'MobileNetV2']"
0.1038245991690987,3,14,224,224,0.96,0.7913984688123068,3.8295730470486085,3.881028980111623,0.9162536072731018,0.8061799739838869,3,"[1.0, 1.0, 1.0, 1.0, 0.0, 1.0, 0.0, 0.0, 0.0, 0.0, 0.0, 0.0, 0.0, 0.0, 0.0, 0.0, 0.0, 0.0, 0.0, 0.0]","['EfficientNetV2S', 'MobileNetV2', 'NASNetLarge']"
0.11918822838519093,4,15,224,224,0.88,0.7462976952393849,3.8273771792807394,3.8657691128555993,0.8747907280921936,-0.44715803134221954,4,"[1.0, 1.0, 1.0, 1.0, 0.0, 1.0, 0.0, 0.0, 0.0, 0.0, 0.0, 0.0, 0.0, 0.0, 0.0, 0.0, 0.0, 0.0, 0.0, 0.0]","['EfficientNetV2S', 'MobileNetV2', 'NASNetLarge', 'ResNet50']"
0.1038245991690987,3,15,224,224,1.0,0.882025521993637,3.8233026249938744,3.904985228613412,0.9271192121505737,1.0,9,"[1.0, 1.0, 1.0, 1.0, 0.0, 1.0, 0.0, 0.0, 0.0, 0.0, 0.0, 0.0, 0.0, 0.0, 0.0, 0.0, 0.0, 0.0, 0.0, 0.0]","['EfficientNetV2S', 'MobileNetV2', 'NASNetLarge']"
0.1038245991690987,3,14,224,224,0.96,0.800715318520864,3.8291770198014046,3.936064524001776,0.9072797083854676,0.8061799739838869,2,"[1.0, 1.0, 1.0, 1.0, 0.0, 1.0, 0.0, 0.0, 0.0, 0.0, 0.0, 0.0, 0.0, 0.0, 0.0, 0.0, 0.0, 0.0, 0.0, 0.0]","['EfficientNetV2S', 'MobileNetV2', 'NASNetLarge']"
0.1038245991690987,3,15,224,224,0.92,0.7337063793341317,3.8242898768854463,3.8598084977007616,0.8677794170379639,0.44715803134221954,9,"[1.0, 1.0, 1.0, 1.0, 0.0, 1.0, 0.0, 0.0, 0.0, 0.0, 0.0, 0.0, 0.0, 0.0, 0.0, 0.0, 0.0, 0.0, 0.0, 0.0]","['EfficientNetV2S', 'MobileNetV2', 'NASNetLarge']"
0.021635686686133172,2,14,224,224,0.96,0.8230946725606918,1.152099301829904,1.2233549581204242,0.8883785784244538,0.8061799739838869,8,"[1.0, 1.0, 1.0, 1.0, 0.0, 1.0, 0.0, 0.0, 0.0, 0.0, 0.0, 0.0, 0.0, 0.0, 0.0, 0.0, 0.0, 0.0, 0.0, 0.0]","['EfficientNetV2S', 'MobileNetV2']"
0.036999315902225396,3,14,224,224,0.92,0.7791605095068614,1.1549698828117605,1.1742469263709834,0.9100741744041443,0.44715803134221954,4,"[1.0, 1.0, 1.0, 1.0, 0.0, 1.0, 0.0, 0.0, 0.0, 0.0, 0.0, 0.0, 0.0, 0.0, 0.0, 0.0, 0.0, 0.0, 0.0, 0.0]","['EfficientNetV2S', 'MobileNetV2', 'ResNet50']"
0.036999315902225396,3,14,224,224,0.96,0.8177738481760025,1.159403013658833,1.1956969983629102,0.9029177856445313,0.8061799739838869,5,"[1.0, 1.0, 1.0, 1.0, 0.0, 1.0, 0.0, 0.0, 0.0, 0.0, 0.0, 0.0, 0.0, 0.0, 0.0, 0.0, 0.0, 0.0, 0.0, 0.0]","['EfficientNetV2S', 'MobileNetV2', 'ResNet50']"
0.036999315902225396,3,14,224,224,0.88,0.7758923582235973,1.1511334992598157,1.171017640821572,0.883658686876297,-0.44715803134221954,2,"[1.0, 1.0, 1.0, 1.0, 0.0, 1.0, 0.0, 0.0, 0.0, 0.0, 0.0, 0.0, 0.0, 0.0, 0.0, 0.0, 0.0, 0.0, 0.0, 0.0]","['EfficientNetV2S', 'MobileNetV2', 'ResNet50']"
0.11918822838519093,4,14,224,224,0.92,0.8103506483634313,3.8347857854391556,3.8679637942096208,0.9393166661262512,0.44715803134221954,3,"[1.0, 1.0, 1.0, 1.0, 0.0, 1.0, 0.0, 0.0, 0.0, 0.0, 0.0, 0.0, 0.0, 0.0, 0.0, 0.0, 0.0, 0.0, 0.0, 0.0]","['EfficientNetV2S', 'MobileNetV2', 'NASNetLarge', 'ResNet50']"
0.11918822838519093,4,14,224,224,0.88,0.7587881781657537,3.82693480773704,3.866135140637737,0.8891690135002136,-0.44715803134221954,2,"[1.0, 1.0, 1.0, 1.0, 0.0, 1.0, 0.0, 0.0, 0.0, 0.0, 0.0, 0.0, 0.0, 0.0, 0.0, 0.0, 0.0, 0.0, 0.0, 0.0]","['EfficientNetV2S', 'MobileNetV2', 'NASNetLarge', 'ResNet50']"
0.11918822838519093,4,13,224,224,0.92,0.7716153050462404,3.8211178019687564,3.8485718245894494,0.8730623269081116,0.44715803134221954,1,"[1.0, 1.0, 1.0, 1.0, 0.0, 1.0, 0.0, 0.0, 0.0, 0.0, 0.0, 0.0, 0.0, 0.0, 0.0, 0.0, 0.0, 0.0, 0.0, 0.0]","['EfficientNetV2S', 'MobileNetV2', 'NASNetLarge', 'ResNet50']"
0.12626156700221736,5,14,224,224,0.84,0.7344727226495743,3.83106150256172,3.8740249812450593,0.8893754768371582,-0.8061799739838875,0,"[1.0, 1.0, 1.0, 1.0, 0.0, 1.0, 0.0, 0.0, 0.0, 0.0, 0.0, 0.0, 0.0, 0.0, 0.0, 0.0, 0.0, 0.0, 0.0, 0.0]","['DenseNet121', 'EfficientNetV2S', 'MobileNetV2', 'NASNetLarge', 'ResNet50']"
0.12626156700221736,5,15,224,224,0.92,0.7988677570223808,3.830919111751385,3.86195904253364,0.9173530507087707,0.44715803134221954,3,"[1.0, 1.0, 1.0, 1.0, 0.0, 1.0, 0.0, 0.0, 0.0, 0.0, 0.0, 0.0, 0.0, 0.0, 0.0, 0.0, 0.0, 0.0, 0.0, 0.0]","['DenseNet121', 'EfficientNetV2S', 'MobileNetV2', 'NASNetLarge', 'ResNet50']"
0.12626156700221736,5,14,224,224,0.96,0.8082858001589776,3.828792355783472,3.9424628596490554,0.9053392934799195,0.8061799739838869,1,"[1.0, 1.0, 1.0, 1.0, 0.0, 1.0, 0.0, 0.0, 0.0, 0.0, 0.0, 0.0, 0.0, 0.0, 0.0, 0.0, 0.0, 0.0, 0.0, 0.0]","['DenseNet121', 'EfficientNetV2S', 'MobileNetV2', 'NASNetLarge', 'ResNet50']"
0.12626156700221736,5,15,224,224,0.84,0.7490344206889469,3.8272095193413826,3.8770161176079725,0.8826597547531128,-0.8061799739838875,3,"[1.0, 1.0, 1.0, 1.0, 0.0, 1.0, 0.0, 0.0, 0.0, 0.0, 0.0, 0.0, 0.0, 0.0, 0.0, 0.0, 0.0, 0.0, 0.0, 0.0]","['DenseNet121', 'EfficientNetV2S', 'MobileNetV2', 'NASNetLarge', 'ResNet50']"
0.12626156700221736,5,14,224,224,0.88,0.7241370301047961,3.832285581005761,3.964558662388677,0.8495492243766785,-0.44715803134221954,1,"[1.0, 1.0, 1.0, 1.0, 0.0, 1.0, 0.0, 0.0, 0.0, 0.0, 0.0, 0.0, 0.0, 0.0, 0.0, 0.0, 0.0, 0.0, 0.0, 0.0]","['DenseNet121', 'EfficientNetV2S', 'MobileNetV2', 'NASNetLarge', 'ResNet50']"
0.12626156700221736,5,14,224,224,1.0,0.8669569299221039,3.834708664873795,3.8917891937307063,0.9649371790885926,1.0,2,"[1.0, 1.0, 1.0, 1.0, 0.0, 1.0, 0.0, 0.0, 0.0, 0.0, 0.0, 0.0, 0.0, 0.0, 0.0, 0.0, 0.0, 0.0, 0.0, 0.0]","['DenseNet121', 'EfficientNetV2S', 'MobileNetV2', 'NASNetLarge', 'ResNet50']"
0.04407265451925183,4,15,224,224,0.96,0.8176497665047645,1.154215645851915,1.1997018864910112,0.9068322157859803,0.8061799739838869,8,"[1.0, 1.0, 1.0, 1.0, 0.0, 1.0, 0.0, 0.0, 0.0, 0.0, 0.0, 0.0, 0.0, 0.0, 0.0, 0.0, 0.0, 0.0, 0.0, 0.0]","['DenseNet121', 'EfficientNetV2S', 'MobileNetV2', 'ResNet50']"
0.04407265451925183,4,14,224,224,0.68,0.5713441543777783,1.1611279810652617,1.1961411389261976,0.91990647315979,-1.3180633349627615,2,"[1.0, 1.0, 1.0, 1.0, 0.0, 1.0, 0.0, 0.0, 0.0, 0.0, 0.0, 0.0, 0.0, 0.0, 0.0, 0.0, 0.0, 0.0, 0.0, 0.0]","['DenseNet121', 'EfficientNetV2S', 'MobileNetV2', 'ResNet50']"
0.04407265451925183,4,15,224,224,1.0,0.8668789838751156,1.1568964050819874,1.195026510307942,0.9243227362632751,1.0,2,"[1.0, 1.0, 1.0, 1.0, 0.0, 1.0, 0.0, 0.0, 0.0, 0.0, 0.0, 0.0, 0.0, 0.0, 0.0, 0.0, 0.0, 0.0, 0.0, 0.0]","['DenseNet121', 'EfficientNetV2S', 'MobileNetV2', 'ResNet50']"
0.024693367697642233,3,14,224,224,0.88,0.7380071552594504,0.4238521684527415,0.4551392488751675,0.8986509442329407,-0.44715803134221954,6,"[1.0, 1.0, 1.0, 1.0, 0.0, 1.0, 0.0, 0.0, 0.0, 0.0, 0.0, 0.0, 0.0, 0.0, 0.0, 0.0, 0.0, 0.0, 0.0, 0.0]","['DenseNet121', 'MobileNetV2', 'ResNet50']"
0.10688228018060776,4,14,224,224,0.96,0.8431010616819062,3.8354254950394626,3.908541732095951,0.9539166069030762,0.8061799739838869,3,"[1.0, 1.0, 1.0, 1.0, 0.0, 1.0, 0.0, 0.0, 0.0, 0.0, 0.0, 0.0, 0.0, 0.0, 0.0, 0.0, 0.0, 0.0, 0.0, 0.0]","['DenseNet121', 'MobileNetV2', 'NASNetLarge', 'ResNet50']"
0.10688228018060776,4,14,224,224,0.96,0.7954292247692742,3.805166325562265,3.8654310985899705,0.9316656136512756,0.8061799739838869,3,"[1.0, 1.0, 1.0, 1.0, 0.0, 1.0, 0.0, 0.0, 0.0, 0.0, 0.0, 0.0, 0.0, 0.0, 0.0, 0.0, 0.0, 0.0, 0.0, 0.0]","['DenseNet121', 'MobileNetV2', 'NASNetLarge', 'ResNet50']"
0.09151865096451553,3,14,224,224,0.88,0.7610706885655723,3.8327130636577227,3.8587283823910634,0.8802435922622681,-0.44715803134221954,9,"[1.0, 1.0, 1.0, 1.0, 0.0, 1.0, 0.0, 0.0, 0.0, 0.0, 0.0, 0.0, 0.0, 0.0, 0.0, 0.0, 0.0, 0.0, 0.0, 0.0]","['DenseNet121', 'MobileNetV2', 'NASNetLarge']"
0.08444531234748909,2,15,224,224,0.88,0.7092839026451111,3.8277406644451895,3.895100209771638,0.8512615609169006,-0.44715803134221954,5,"[1.0, 1.0, 1.0, 1.0, 0.0, 1.0, 0.0, 0.0, 0.0, 0.0, 0.0, 0.0, 0.0, 0.0, 0.0, 0.0, 0.0, 0.0, 0.0, 0.0]","['MobileNetV2', 'NASNetLarge']"
0.0022563998645235748,1,15,224,224,0.76,0.6340570819377899,0.10839713300269818,0.12686184280921178,0.687689905166626,-1.1335389083702174,8,"[1.0, 1.0, 1.0, 1.0, 0.0, 1.0, 0.0, 0.0, 0.0, 0.0, 0.0, 0.0, 0.0, 0.0, 0.0, 0.0, 0.0, 0.0, 0.0, 0.0]",['MobileNetV2']
0.0022563998645235748,1,15,224,224,0.88,0.7217701685428619,0.10904905697221454,0.1280944914174098,0.7540302646160125,-0.44715803134221954,7,"[1.0, 1.0, 1.0, 1.0, 0.0, 1.0, 0.0, 0.0, 0.0, 0.0, 0.0, 0.0, 0.0, 0.0, 0.0, 0.0, 0.0, 0.0, 0.0, 0.0]",['MobileNetV2']
0.0176200290806158,2,15,224,224,0.84,0.6984651625156403,0.42367750627500045,0.4431975763567667,0.8904155969619751,-0.8061799739838875,4,"[1.0, 1.0, 1.0, 1.0, 0.0, 1.0, 0.0, 0.0, 0.0, 0.0, 0.0, 0.0, 0.0, 0.0, 0.0, 0.0, 0.0, 0.0, 0.0, 0.0]","['MobileNetV2', 'ResNet50']"
0.0022563998645235748,1,15,224,224,0.88,0.7118091130256653,0.10525116231725022,0.11586411637976238,0.7335706233978272,-0.44715803134221954,9,"[1.0, 1.0, 1.0, 1.0, 0.0, 1.0, 0.0, 0.0, 0.0, 0.0, 0.0, 0.0, 0.0, 0.0, 0.0, 0.0, 0.0, 0.0, 0.0, 0.0]",['MobileNetV2']
0.0022563998645235748,1,15,224,224,0.72,0.5830665731430054,0.10945698983207029,0.12319924528601368,0.7282137894630432,-1.235528446907549,2,"[1.0, 1.0, 1.0, 1.0, 0.0, 1.0, 0.0, 0.0, 0.0, 0.0, 0.0, 0.0, 0.0, 0.0, 0.0, 0.0, 0.0, 0.0, 0.0, 0.0]",['MobileNetV2']
0.0022563998645235748,1,14,224,224,0.84,0.6265261209011078,0.1092073555484805,0.12657143156291936,0.6660969805717468,-0.8061799739838875,9,"[1.0, 1.0, 1.0, 1.0, 0.0, 1.0, 0.0, 0.0, 0.0, 0.0, 0.0, 0.0, 0.0, 0.0, 0.0, 0.0, 0.0, 0.0, 0.0, 0.0]",['MobileNetV2']
0.0022563998645235748,1,14,224,224,0.8,0.5788231289386749,0.10336197362822144,0.1194404730863622,0.6153542637825012,-1.0,5,"[1.0, 1.0, 1.0, 1.0, 0.0, 1.0, 0.0, 0.0, 0.0, 0.0, 0.0, 0.0, 0.0, 0.0, 0.0, 0.0, 0.0, 0.0, 0.0, 0.0]",['MobileNetV2']
0.0176200290806158,2,14,224,224,0.68,0.5515690666437149,0.42285360562496216,0.5047285514187609,0.7884625244140625,-1.3180633349627615,4,"[1.0, 1.0, 1.0, 1.0, 0.0, 1.0, 0.0, 0.0, 0.0, 0.0, 0.0, 0.0, 0.0, 0.0, 0.0, 0.0, 0.0, 0.0, 0.0, 0.0]","['MobileNetV2', 'ResNet50']"
0.0176200290806158,2,14,224,224,0.88,0.7296733623743057,0.41893216076553963,0.4543948045876942,0.8265295612812043,-0.44715803134221954,4,"[1.0, 1.0, 1.0, 1.0, 0.0, 1.0, 0.0, 0.0, 0.0, 0.0, 0.0, 0.0, 0.0, 0.0, 0.0, 0.0, 0.0, 0.0, 0.0, 0.0]","['MobileNetV2', 'ResNet50']"
0.09980894156358132,3,15,224,224,0.92,0.8227954618136089,3.834628126318851,3.9160705248985312,0.9117304730415344,0.44715803134221954,3,"[1.0, 1.0, 1.0, 1.0, 0.0, 1.0, 0.0, 0.0, 0.0, 0.0, 0.0, 0.0, 0.0, 0.0, 0.0, 0.0, 0.0, 0.0, 0.0, 0.0]","['MobileNetV2', 'NASNetLarge', 'ResNet50']"
0.09980894156358132,3,14,224,224,0.88,0.7508072757720947,3.819620130220057,3.8552350816661005,0.9442743015289307,-0.44715803134221954,3,"[1.0, 1.0, 1.0, 1.0, 0.0, 1.0, 0.0, 0.0, 0.0, 0.0, 0.0, 0.0, 0.0, 0.0, 0.0, 0.0, 0.0, 0.0, 0.0, 0.0]","['MobileNetV2', 'NASNetLarge', 'ResNet50']"
0.08444531234748909,2,15,224,224,0.88,0.7470108461380005,3.8353986516314285,3.9005014956224544,0.8962917184829712,-0.44715803134221954,9,"[1.0, 1.0, 1.0, 1.0, 0.0, 1.0, 0.0, 0.0, 0.0, 0.0, 0.0, 0.0, 0.0, 0.0, 0.0, 0.0, 0.0, 0.0, 0.0, 0.0]","['MobileNetV2', 'NASNetLarge']"
0.08444531234748909,2,15,224,224,1.0,0.8235706001520157,3.818829589884464,3.849703712735329,0.8766392803192139,1.0,3,"[1.0, 1.0, 1.0, 1.0, 0.0, 1.0, 0.0, 0.0, 0.0, 0.0, 0.0, 0.0, 0.0, 0.0, 0.0, 0.0, 0.0, 0.0, 0.0, 0.0]","['MobileNetV2', 'NASNetLarge']"
0.08444531234748909,2,15,224,224,0.92,0.7486412841081619,3.828491664065747,3.919129879119588,0.8799514150619507,0.44715803134221954,9,"[1.0, 1.0, 1.0, 1.0, 0.0, 1.0, 0.0, 0.0, 0.0, 0.0, 0.0, 0.0, 0.0, 0.0, 0.0, 0.0, 0.0, 0.0, 0.0, 0.0]","['MobileNetV2', 'NASNetLarge']"
0.08444531234748909,2,14,224,224,0.84,0.6877253973484039,3.8243620972475707,3.855993416300873,0.838556135892868,-0.8061799739838875,9,"[1.0, 1.0, 1.0, 1.0, 0.0, 1.0, 0.0, 0.0, 0.0, 0.0, 0.0, 0.0, 0.0, 0.0, 0.0, 0.0, 0.0, 0.0, 0.0, 0.0]","['MobileNetV2', 'NASNetLarge']"
0.08444531234748909,2,14,224,224,0.92,0.7601407480239868,3.827426096030895,3.871311336936359,0.8824203252792359,0.44715803134221954,3,"[1.0, 1.0, 1.0, 1.0, 0.0, 1.0, 0.0, 0.0, 0.0, 0.0, 0.0, 0.0, 0.0, 0.0, 0.0, 0.0, 0.0, 0.0, 0.0, 0.0]","['MobileNetV2', 'NASNetLarge']"
0.1038245991690987,3,15,224,224,0.88,0.7439336880048117,3.8348404466258894,4.01190493164328,0.8783254742622375,-0.44715803134221954,1,"[1.0, 1.0, 1.0, 1.0, 0.0, 1.0, 0.0, 0.0, 0.0, 0.0, 0.0, 0.0, 0.0, 0.0, 0.0, 0.0, 0.0, 0.0, 0.0, 0.0]","['EfficientNetV2S', 'MobileNetV2', 'NASNetLarge']"
0.10156819930457511,2,14,224,224,0.88,0.7533891040086746,3.8296583275769827,3.866324229613016,0.8771823406219482,-0.44715803134221954,7,"[1.0, 1.0, 1.0, 1.0, 0.0, 1.0, 0.0, 0.0, 0.0, 0.0, 0.0, 0.0, 0.0, 0.0, 0.0, 0.0, 0.0, 0.0, 0.0, 0.0]","['EfficientNetV2S', 'NASNetLarge']"
0.10156819930457511,2,14,224,224,1.0,0.8888733410835266,3.825171797404118,3.8564689302983877,0.9106933808326722,1.0,7,"[1.0, 1.0, 1.0, 1.0, 0.0, 1.0, 0.0, 0.0, 0.0, 0.0, 0.0, 0.0, 0.0, 0.0, 0.0, 0.0, 0.0, 0.0, 0.0, 0.0]","['EfficientNetV2S', 'NASNetLarge']"
0.0193792868216096,1,15,224,224,0.92,0.812536518573761,1.1611329975756888,1.1884547796865168,0.8368370318412781,0.44715803134221954,8,"[1.0, 1.0, 1.0, 1.0, 0.0, 1.0, 0.0, 0.0, 0.0, 0.0, 0.0, 0.0, 0.0, 0.0, 0.0, 0.0, 0.0, 0.0, 0.0, 0.0]",['EfficientNetV2S']
0.0193792868216096,1,14,224,224,0.96,0.8308251881599427,1.1572119400433096,1.192511389104684,0.8485341489315033,0.8061799739838869,5,"[1.0, 1.0, 1.0, 1.0, 0.0, 1.0, 0.0, 0.0, 0.0, 0.0, 0.0, 0.0, 0.0, 0.0, 0.0, 0.0, 0.0, 0.0, 0.0, 0.0]",['EfficientNetV2S']
